nazwa_cwiczenia,nazwa_angielska,zrodlo,kategoria,poziom_trudnosci,pozycja_wyjsciowa,potrzebny_sprzet,liczba_powtorzen,czas_trwania_sekund,strony_ciala,ruch_glowny,wspomagane_krzeslem,mozna_w_lozku,mozna_siedzac,wymaga_stania,wymaga_podlogi,zalecane_schorzenia,przeciwwskazania,cel_terapeutyczny,wplyw_na_rownowage,wplyw_na_sile,wplyw_na_elastycznosc,wplyw_na_kardio,wplyw_na_postawe,intensywnosc,uwagi_bezpieczenstwa,opis_wykonania
Chód pięta do palców,Walking Heel to Toe,Strength-and-Balance-Exercises.pdf,równowaga_chód,łatwy,stojąca,brak,20 kroków,,nogi,chód tandemowy,nie,nie,nie,tak,nie,problemy z równowagą; profilaktyka upadków,,,wysoki,niski,niski,niski,niski,niska,W pobliżu ściany jeśli niestabilny,"Przyjmij pozycję wyjściową: stojąca. Następnie wykonuj ruch główny: chód tandemowy. Wykonaj około 20 kroków powtórzeń lub utrzymuj ruch zgodnie z opisem ćwiczenia. Zwróć uwagę na bezpieczeństwo: W pobliżu ściany jeśli niestabilny. Ruch wykonuj wolno, bez wstrzymywania oddechu; przerwij przy ostrym bólu, zawrotach głowy lub duszności."
Kołysanie łodzią,Rock the Boat,Strength-and-Balance-Exercises.pdf,równowaga,łatwy,stojąca,krzesło opcjonalnie,5 na stronę,do 30,"nogi, biodra",unoszenie nogi bokiem,opcjonalnie,nie,nie,tak,nie,problemy z równowagą,,poprawa równowagi,wysoki,średni,niski,niski,niski,niska,Trzymać się krzesła na początku,"Przyjmij pozycję wyjściową: stojąca. Przygotuj sprzęt: krzesło opcjonalnie. Następnie wykonuj ruch główny: unoszenie nogi bokiem. Wykonaj około 5 na stronę powtórzeń lub utrzymuj ruch zgodnie z opisem ćwiczenia. Jeżeli ćwiczenie jest czasowe, wykonuj je przez około do 30 sekund. Zwróć uwagę na bezpieczeństwo: Trzymać się krzesła na początku. Ruch wykonuj wolno, bez wstrzymywania oddechu; przerwij przy ostrym bólu, zawrotach głowy lub duszności."
Unoszenie palców stóp,Toe Lifts,Strength-and-Balance-Exercises.pdf,siła_równowaga,łatwy,stojąca,krzesło lub blat,20,,"łydki, stopy",wspięcie na palce,tak,nie,nie,tak,nie,słabe łydki; osteoporoza,,wzmocnienie łydek i równowaga,wysoki,wysoki,niski,niski,niski,niska,Nie opierać się zbyt mocno o krzesło,"Przyjmij pozycję wyjściową: stojąca. Przygotuj sprzęt: krzesło lub blat. Następnie wykonuj ruch główny: wspięcie na palce. Wykonaj około 20 powtórzeń lub utrzymuj ruch zgodnie z opisem ćwiczenia. Zwróć uwagę na bezpieczeństwo: Nie opierać się zbyt mocno o krzesło. Ruch wykonuj wolno, bez wstrzymywania oddechu; przerwij przy ostrym bólu, zawrotach głowy lub duszności."
Stanie na jednej nodze,Single Limb Stance,Strength-and-Balance-Exercises.pdf,równowaga,łatwy,stojąca,krzesło,do 10,do 60,"nogi, tułów",balans jednopodporowy,tak,nie,nie,tak,nie,profilaktyka upadków,,poprawa równowagi,wysoki,średni,niski,niski,niski,niska,Dążyć do stania bez trzymania przez 1 minutę,"Przyjmij pozycję wyjściową: stojąca. Przygotuj sprzęt: krzesło. Następnie wykonuj ruch główny: balans jednopodporowy. Wykonaj około do 10 powtórzeń lub utrzymuj ruch zgodnie z opisem ćwiczenia. Jeżeli ćwiczenie jest czasowe, wykonuj je przez około do 60 sekund. Zwróć uwagę na bezpieczeństwo: Dążyć do stania bez trzymania przez 1 minutę. Ruch wykonuj wolno, bez wstrzymywania oddechu; przerwij przy ostrym bólu, zawrotach głowy lub duszności."
Unoszenie nogi w tył,Back Leg Raises,Strength-and-Balance-Exercises.pdf,siła,łatwy,stojąca,krzesło,10-15,,"pośladki, dolna część pleców",prostowanie nogi w tył,tak,nie,nie,tak,nie,słabe pośladki; ból pleców,,wzmocnienie pośladków i dolnych pleców,niski,wysoki,niski,niski,niski,niska,Nie zginać kolana; nie wskazywać palcami,"Przyjmij pozycję wyjściową: stojąca. Przygotuj sprzęt: krzesło. Następnie wykonuj ruch główny: prostowanie nogi w tył. Wykonaj około 10-15 powtórzeń lub utrzymuj ruch zgodnie z opisem ćwiczenia. Zwróć uwagę na bezpieczeństwo: Nie zginać kolana; nie wskazywać palcami. Ruch wykonuj wolno, bez wstrzymywania oddechu; przerwij przy ostrym bólu, zawrotach głowy lub duszności."
Unoszenie nogi w bok,Side Leg Raise,Strength-and-Balance-Exercises.pdf,siła_równowaga,łatwy,stojąca,krzesło,10-15,,"biodra, pośladki",odwodzenie nogi,tak,nie,nie,tak,nie,słabe biodra,,wzmocnienie bioder i równowaga,średni,wysoki,niski,niski,niski,niska,Plecy proste; palce skierowane do przodu,"Przyjmij pozycję wyjściową: stojąca. Przygotuj sprzęt: krzesło. Następnie wykonuj ruch główny: odwodzenie nogi. Wykonaj około 10-15 powtórzeń lub utrzymuj ruch zgodnie z opisem ćwiczenia. Zwróć uwagę na bezpieczeństwo: Plecy proste; palce skierowane do przodu. Ruch wykonuj wolno, bez wstrzymywania oddechu; przerwij przy ostrym bólu, zawrotach głowy lub duszności."
Ćwiczenia dłoni i palców,Hand and Finger Exercises,Strength-and-Balance-Exercises.pdf,elastyczność,łatwy,stojąca lub siedząca,brak,,,dłonie i palce,wspinanie palców po ścianie,nie,nie,tak,nie,nie,zapalenie stawów,,poprawa ruchomości dłoni,niski,niski,wysoki,niski,niski,bardzo niska,Delikatne ruchy,"Przyjmij pozycję wyjściową: stojąca lub siedząca. Następnie wykonuj ruch główny: wspinanie palców po ścianie. Zwróć uwagę na bezpieczeństwo: Delikatne ruchy. Ruch wykonuj wolno, bez wstrzymywania oddechu; przerwij przy ostrym bólu, zawrotach głowy lub duszności."
Rolowanie ramion,Shoulder Rolls,Strength-and-Balance-Exercises.pdf,elastyczność_postura,łatwy,stojąca lub siedząca,brak,,,ramiona,okrężne ruchy ramionami,nie,nie,tak,nie,nie,napięcie karku; problemy z postawą,,rozluźnienie i ruchomość ramion,niski,niski,wysoki,niski,wysoki,bardzo niska,Wolne płynne ruchy,"Przyjmij pozycję wyjściową: stojąca lub siedząca. Następnie wykonuj ruch główny: okrężne ruchy ramionami. Zwróć uwagę na bezpieczeństwo: Wolne płynne ruchy. Ruch wykonuj wolno, bez wstrzymywania oddechu; przerwij przy ostrym bólu, zawrotach głowy lub duszności."
Pompki przy ścianie,Wall Pushups,Strength-and-Balance-Exercises.pdf,siła,łatwy,stojąca,ściana,20,,"klatka piersiowa, ramiona, triceps",odpychanie od ściany,nie,nie,nie,tak,nie,słabe ramiona,,wzmocnienie górnej części ciała,niski,wysoki,niski,niski,niski,niska,Stać o długość ramienia od ściany,"Przyjmij pozycję wyjściową: stojąca. Przygotuj sprzęt: ściana. Następnie wykonuj ruch główny: odpychanie od ściany. Wykonaj około 20 powtórzeń lub utrzymuj ruch zgodnie z opisem ćwiczenia. Zwróć uwagę na bezpieczeństwo: Stać o długość ramienia od ściany. Ruch wykonuj wolno, bez wstrzymywania oddechu; przerwij przy ostrym bólu, zawrotach głowy lub duszności."
Marsz w miejscu,Marching in Place,Strength-and-Balance-Exercises.pdf,równowaga_kardio,łatwy,stojąca,krzesło opcjonalnie,20,,"nogi, biodra",naprzemienne unoszenie kolan,opcjonalnie,nie,nie,tak,nie,słaba kondycja; problemy z równowagą,,kardio i równowaga,wysoki,średni,niski,średni,niski,niska,Trzymać się blatu jeśli potrzeba,"Przyjmij pozycję wyjściową: stojąca. Przygotuj sprzęt: krzesło opcjonalnie. Następnie wykonuj ruch główny: naprzemienne unoszenie kolan. Wykonaj około 20 powtórzeń lub utrzymuj ruch zgodnie z opisem ćwiczenia. Zwróć uwagę na bezpieczeństwo: Trzymać się blatu jeśli potrzeba. Ruch wykonuj wolno, bez wstrzymywania oddechu; przerwij przy ostrym bólu, zawrotach głowy lub duszności."
Ściskanie dłoni – piłka,Hand Grip,workout_to_go.pdf,siła,łatwy,stojąca lub siedząca,piłka tenisowa,10-15,3-5 sek na powtórzenie,dłonie i przedramiona,ściskanie piłki,nie,nie,tak,nie,nie,zapalenie stawów,,wzmocnienie chwytu,niski,wysoki,niski,niski,niski,bardzo niska,Zwalniać ścisk powoli,"Przyjmij pozycję wyjściową: stojąca lub siedząca. Przygotuj sprzęt: piłka tenisowa. Następnie wykonuj ruch główny: ściskanie piłki. Wykonaj około 10-15 powtórzeń lub utrzymuj ruch zgodnie z opisem ćwiczenia. Jeżeli ćwiczenie jest czasowe, wykonuj je przez około 3-5 sek na powtórzenie sekund. Zwróć uwagę na bezpieczeństwo: Zwalniać ścisk powoli. Ruch wykonuj wolno, bez wstrzymywania oddechu; przerwij przy ostrym bólu, zawrotach głowy lub duszności."
Pompki przy ścianie (NIH),Wall Push-Up,workout_to_go.pdf,siła,łatwy,stojąca,ściana,10-15,1 sek przerwa,"klatka piersiowa, ramiona",odpychanie od ściany,nie,nie,nie,tak,nie,słabe ramiona,,wzmocnienie górnej części ciała,niski,wysoki,niski,niski,niski,niska,Stopy płasko na podłodze,"Przyjmij pozycję wyjściową: stojąca. Przygotuj sprzęt: ściana. Następnie wykonuj ruch główny: odpychanie od ściany. Wykonaj około 10-15 powtórzeń lub utrzymuj ruch zgodnie z opisem ćwiczenia. Jeżeli ćwiczenie jest czasowe, wykonuj je przez około 1 sek przerwa sekund. Zwróć uwagę na bezpieczeństwo: Stopy płasko na podłodze. Ruch wykonuj wolno, bez wstrzymywania oddechu; przerwij przy ostrym bólu, zawrotach głowy lub duszności."
Unoszenie ramion nad głowę,Overhead Arm Raise,workout_to_go.pdf,siła,łatwy,stojąca lub siedząca,ciężarki lub puszki,10-15,1 sek przerwa,ramiona i barki,unoszenie oburącz,nie,nie,tak,nie,nie,słabe ramiona,,wzmocnienie barków,niski,wysoki,niski,niski,niski,niska,Łokcie lekko ugięte,"Przyjmij pozycję wyjściową: stojąca lub siedząca. Przygotuj sprzęt: ciężarki lub puszki. Następnie wykonuj ruch główny: unoszenie oburącz. Wykonaj około 10-15 powtórzeń lub utrzymuj ruch zgodnie z opisem ćwiczenia. Jeżeli ćwiczenie jest czasowe, wykonuj je przez około 1 sek przerwa sekund. Zwróć uwagę na bezpieczeństwo: Łokcie lekko ugięte. Ruch wykonuj wolno, bez wstrzymywania oddechu; przerwij przy ostrym bólu, zawrotach głowy lub duszności."
Unoszenie nogi w tył (NIH),Back Leg Raise,workout_to_go.pdf,siła,łatwy,stojąca,krzesło,10-15,1 sek przerwa,"pośladki, dolna część pleców",prostowanie nogi w tył,tak,nie,nie,tak,nie,słabe pośladki,,wzmocnienie pośladków,niski,wysoki,niski,niski,niski,niska,Noga stojąca lekko ugięta,"Przyjmij pozycję wyjściową: stojąca. Przygotuj sprzęt: krzesło. Następnie wykonuj ruch główny: prostowanie nogi w tył. Wykonaj około 10-15 powtórzeń lub utrzymuj ruch zgodnie z opisem ćwiczenia. Jeżeli ćwiczenie jest czasowe, wykonuj je przez około 1 sek przerwa sekund. Zwróć uwagę na bezpieczeństwo: Noga stojąca lekko ugięta. Ruch wykonuj wolno, bez wstrzymywania oddechu; przerwij przy ostrym bólu, zawrotach głowy lub duszności."
Unoszenie nogi w bok (NIH),Side Leg Raise,workout_to_go.pdf,siła,łatwy,stojąca,krzesło,10-15,1 sek przerwa,biodra,odwodzenie nogi,tak,nie,nie,tak,nie,słabe biodra,,wzmocnienie bioder,niski,wysoki,niski,niski,niski,niska,Plecy proste przez cały czas,"Przyjmij pozycję wyjściową: stojąca. Przygotuj sprzęt: krzesło. Następnie wykonuj ruch główny: odwodzenie nogi. Wykonaj około 10-15 powtórzeń lub utrzymuj ruch zgodnie z opisem ćwiczenia. Jeżeli ćwiczenie jest czasowe, wykonuj je przez około 1 sek przerwa sekund. Zwróć uwagę na bezpieczeństwo: Plecy proste przez cały czas. Ruch wykonuj wolno, bez wstrzymywania oddechu; przerwij przy ostrym bólu, zawrotach głowy lub duszności."
Wspięcie na palce,Toe Stand,workout_to_go.pdf,siła_równowaga,łatwy,stojąca,krzesło,10-15,1 sek przerwa,łydki,wspięcie na palce,tak,nie,nie,tak,nie,słabe łydki; profilaktyka upadków,,wzmocnienie łydek i równowaga,wysoki,wysoki,niski,niski,niski,niska,Progresja: stanie na jednej nodze,"Przyjmij pozycję wyjściową: stojąca. Przygotuj sprzęt: krzesło. Następnie wykonuj ruch główny: wspięcie na palce. Wykonaj około 10-15 powtórzeń lub utrzymuj ruch zgodnie z opisem ćwiczenia. Jeżeli ćwiczenie jest czasowe, wykonuj je przez około 1 sek przerwa sekund. Zwróć uwagę na bezpieczeństwo: Progresja: stanie na jednej nodze. Ruch wykonuj wolno, bez wstrzymywania oddechu; przerwij przy ostrym bólu, zawrotach głowy lub duszności."
Stanie na jednej nodze (NIH),Stand on One Foot,workout_to_go.pdf,równowaga,łatwy,stojąca,krzesło,10-15,10,"nogi, tułów",balans jednopodporowy,tak,nie,nie,tak,nie,profilaktyka upadków,,równowaga statyczna,wysoki,średni,niski,niski,niski,niska,Progresja: bez trzymania; z zamkniętymi oczami,"Przyjmij pozycję wyjściową: stojąca. Przygotuj sprzęt: krzesło. Następnie wykonuj ruch główny: balans jednopodporowy. Wykonaj około 10-15 powtórzeń lub utrzymuj ruch zgodnie z opisem ćwiczenia. Jeżeli ćwiczenie jest czasowe, wykonuj je przez około 10 sekund. Zwróć uwagę na bezpieczeństwo: Progresja: bez trzymania; z zamkniętymi oczami. Ruch wykonuj wolno, bez wstrzymywania oddechu; przerwij przy ostrym bólu, zawrotach głowy lub duszności."
Chód pięta-palec (NIH),Heel-to-Toe Walk,workout_to_go.pdf,równowaga_chód,łatwy,stojąca,ściana opcjonalnie,20 kroków,,nogi,chód tandemowy,nie,nie,nie,tak,nie,profilaktyka upadków,,równowaga dynamiczna,wysoki,niski,niski,niski,niski,niska,Skupić wzrok na punkcie z przodu,"Przyjmij pozycję wyjściową: stojąca. Przygotuj sprzęt: ściana opcjonalnie. Następnie wykonuj ruch główny: chód tandemowy. Wykonaj około 20 kroków powtórzeń lub utrzymuj ruch zgodnie z opisem ćwiczenia. Zwróć uwagę na bezpieczeństwo: Skupić wzrok na punkcie z przodu. Ruch wykonuj wolno, bez wstrzymywania oddechu; przerwij przy ostrym bólu, zawrotach głowy lub duszności."
Chód równoważny,Balance Walk,workout_to_go.pdf,równowaga_chód,średni,stojąca,brak,20 kroków,,nogi,chód z pauzą,nie,nie,nie,tak,nie,profilaktyka upadków,,równowaga dynamiczna,wysoki,niski,niski,niski,niski,niska,Progresja: patrzeć na boki (nie przy problemach z uchem),"Przyjmij pozycję wyjściową: stojąca. Następnie wykonuj ruch główny: chód z pauzą. Wykonaj około 20 kroków powtórzeń lub utrzymuj ruch zgodnie z opisem ćwiczenia. Zwróć uwagę na bezpieczeństwo: Progresja: patrzeć na boki (nie przy problemach z uchem). Ruch wykonuj wolno, bez wstrzymywania oddechu; przerwij przy ostrym bólu, zawrotach głowy lub duszności."
Rozciąganie kostek,Ankles,workout_to_go.pdf,elastyczność,łatwy,siedząca,krzesło,3-5,10-30,"kostki, stopy",zginanie grzbietowe i podeszwowe,tak,nie,tak,nie,nie,ból kostek; słabe kostki,,poprawa ruchomości kostek,niski,niski,wysoki,niski,niski,bardzo niska,Pięty na podłodze,"Przyjmij pozycję wyjściową: siedząca. Przygotuj sprzęt: krzesło. Następnie wykonuj ruch główny: zginanie grzbietowe i podeszwowe. Wykonaj około 3-5 powtórzeń lub utrzymuj ruch zgodnie z opisem ćwiczenia. Jeżeli ćwiczenie jest czasowe, wykonuj je przez około 10-30 sekund. Zwróć uwagę na bezpieczeństwo: Pięty na podłodze. Ruch wykonuj wolno, bez wstrzymywania oddechu; przerwij przy ostrym bólu, zawrotach głowy lub duszności."
Rozciąganie pleców (skręt),Back Stretch,workout_to_go.pdf,elastyczność,łatwy,siedząca,krzesło z podłokietnikami,3-5,10-30,plecy i talia,skręt tułowia,tak,nie,tak,nie,nie,napięcie pleców,po operacji biodra lub pleców – konsultacja z lekarzem,poprawa ruchomości kręgosłupa,niski,niski,wysoki,niski,niski,bardzo niska,Nie ruszać biodrami podczas skrętu,"Przyjmij pozycję wyjściową: siedząca. Przygotuj sprzęt: krzesło z podłokietnikami. Następnie wykonuj ruch główny: skręt tułowia. Wykonaj około 3-5 powtórzeń lub utrzymuj ruch zgodnie z opisem ćwiczenia. Jeżeli ćwiczenie jest czasowe, wykonuj je przez około 10-30 sekund. Zwróć uwagę na bezpieczeństwo: Nie ruszać biodrami podczas skrętu. Ruch wykonuj wolno, bez wstrzymywania oddechu; przerwij przy ostrym bólu, zawrotach głowy lub duszności."
Rozciąganie ud,Thigh Stretch,workout_to_go.pdf,elastyczność,łatwy,stojąca,krzesło,3-5,10-30,uda i czworogłowy,przyciąganie pięty do pośladka,tak,nie,nie,tak,nie,napięcie ud,po operacji biodra lub pleców – konsultacja z lekarzem,rozciągnięcie czworogłowego,niski,niski,wysoki,niski,niski,bardzo niska,Użyć ręcznika jeśli nie dosięga się kostki,"Przyjmij pozycję wyjściową: stojąca. Przygotuj sprzęt: krzesło. Następnie wykonuj ruch główny: przyciąganie pięty do pośladka. Wykonaj około 3-5 powtórzeń lub utrzymuj ruch zgodnie z opisem ćwiczenia. Jeżeli ćwiczenie jest czasowe, wykonuj je przez około 10-30 sekund. Zwróć uwagę na bezpieczeństwo: Użyć ręcznika jeśli nie dosięga się kostki. Ruch wykonuj wolno, bez wstrzymywania oddechu; przerwij przy ostrym bólu, zawrotach głowy lub duszności."
Rozciąganie boczne w górę,Overhead Side Stretch,Best-Mobility-Exercises-for-Seniors.pdf,elastyczność_mobilność,łatwy,stojąca,brak,3 na stronę,15-30,"talia, boki tułowia",skłon boczny z rękami nad głową,nie,nie,nie,tak,nie,napięcie tułowia,,ruchomość boczna,niski,niski,wysoki,niski,niski,bardzo niska,Spleść palce dla głębszego rozciągania,"Przyjmij pozycję wyjściową: stojąca. Następnie wykonuj ruch główny: skłon boczny z rękami nad głową. Wykonaj około 3 na stronę powtórzeń lub utrzymuj ruch zgodnie z opisem ćwiczenia. Jeżeli ćwiczenie jest czasowe, wykonuj je przez około 15-30 sekund. Zwróć uwagę na bezpieczeństwo: Spleść palce dla głębszego rozciągania. Ruch wykonuj wolno, bez wstrzymywania oddechu; przerwij przy ostrym bólu, zawrotach głowy lub duszności."
Wchodzenie po schodach,Stair Climbing,Best-Mobility-Exercises-for-Seniors.pdf,kardio_mobilność,średni,stojąca,schody lub stopień,,,nogi,wchodzenie i schodzenie,nie,nie,nie,tak,nie,słaba kondycja; słabe nogi,zawroty głowy; niestabilność,kardio i siła nóg,średni,wysoki,niski,wysoki,niski,niska,Trzymać się poręczy,"Przyjmij pozycję wyjściową: stojąca. Przygotuj sprzęt: schody lub stopień. Następnie wykonuj ruch główny: wchodzenie i schodzenie. Zwróć uwagę na bezpieczeństwo: Trzymać się poręczy. Ruch wykonuj wolno, bez wstrzymywania oddechu; przerwij przy ostrym bólu, zawrotach głowy lub duszności."
Stukanie stopą,Foot Taps,Best-Mobility-Exercises-for-Seniors.pdf,równowaga_mobilność,łatwy,stojąca,stopień lub platforma; krzesło opcjonalnie,15-20 na nogę,,"stopy, łydki, biodra",dotykanie stopniem palcem stopy,opcjonalnie,nie,nie,tak,nie,słaba równowaga; słabe kostki,,poprawa równowagi i mobilności,wysoki,średni,niski,niski,niski,niska,Im wolniej tym trudniej dla równowagi,"Przyjmij pozycję wyjściową: stojąca. Przygotuj sprzęt: stopień lub platforma; krzesło opcjonalnie. Następnie wykonuj ruch główny: dotykanie stopniem palcem stopy. Wykonaj około 15-20 na nogę powtórzeń lub utrzymuj ruch zgodnie z opisem ćwiczenia. Zwróć uwagę na bezpieczeństwo: Im wolniej tym trudniej dla równowagi. Ruch wykonuj wolno, bez wstrzymywania oddechu; przerwij przy ostrym bólu, zawrotach głowy lub duszności."
Pompki na kolanach,Knee Push-ups,Best-Mobility-Exercises-for-Seniors.pdf,siła,łatwy,klęcząca,brak,10-15 (2-3 serie),,klatka piersiowa i triceps,pompki z kolanami na podłodze,nie,nie,nie,nie,tak,słabe ramiona,,wzmocnienie górnej części ciała,niski,wysoki,niski,niski,niski,niska,Plecy proste; nie garbić się,"Przyjmij pozycję wyjściową: klęcząca. Następnie wykonuj ruch główny: pompki z kolanami na podłodze. Wykonaj około 10-15 (2-3 serie) powtórzeń lub utrzymuj ruch zgodnie z opisem ćwiczenia. Zwróć uwagę na bezpieczeństwo: Plecy proste; nie garbić się. Ruch wykonuj wolno, bez wstrzymywania oddechu; przerwij przy ostrym bólu, zawrotach głowy lub duszności."
Uginanie bicepsa,Bicep Curl,Best-Mobility-Exercises-for-Seniors.pdf,siła,łatwy,stojąca,hantle lub ciężarki,10-20 (1-2 serie),,bicepsy,uginanie ramion z ciężarkami,nie,nie,nie,tak,nie,słabe ramiona,,wzmocnienie bicepsów,niski,wysoki,niski,niski,niski,niska,Wolny ruch powrotny = większa praca mięśni,"Przyjmij pozycję wyjściową: stojąca. Przygotuj sprzęt: hantle lub ciężarki. Następnie wykonuj ruch główny: uginanie ramion z ciężarkami. Wykonaj około 10-20 (1-2 serie) powtórzeń lub utrzymuj ruch zgodnie z opisem ćwiczenia. Zwróć uwagę na bezpieczeństwo: Wolny ruch powrotny = większa praca mięśni. Ruch wykonuj wolno, bez wstrzymywania oddechu; przerwij przy ostrym bólu, zawrotach głowy lub duszności."
Mostek (biodra w górę),Bridges,Best-Mobility-Exercises-for-Seniors.pdf,siła_mobilność,łatwy,leżąca na plecach,brak,10-20 (1-2 serie),,pośladki i dolna część pleców,unoszenie bioder,nie,tak,nie,nie,tak,ból dolnych pleców; słabe pośladki,,wzmocnienie pośladków i pleców,niski,wysoki,niski,niski,średni,niska,Brzuch napięty przez cały czas,"Przyjmij pozycję wyjściową: leżąca na plecach. Następnie wykonuj ruch główny: unoszenie bioder. Wykonaj około 10-20 (1-2 serie) powtórzeń lub utrzymuj ruch zgodnie z opisem ćwiczenia. Zwróć uwagę na bezpieczeństwo: Brzuch napięty przez cały czas. Ruch wykonuj wolno, bez wstrzymywania oddechu; przerwij przy ostrym bólu, zawrotach głowy lub duszności."
Wspinaczka górska w miejscu,Standing Mountain Climber,Best-Mobility-Exercises-for-Seniors.pdf,kardio_siła,średni,stojąca,brak,do 1 minuty,,nogi i ramiona,naprzemienne unoszenie kolana z uniesieniem ramienia,nie,nie,nie,tak,nie,słaba kondycja,,kardio i koordynacja,niski,średni,niski,wysoki,niski,niska,Tempo dostosowane do możliwości,"Przyjmij pozycję wyjściową: stojąca. Następnie wykonuj ruch główny: naprzemienne unoszenie kolana z uniesieniem ramienia. Wykonaj około do 1 minuty powtórzeń lub utrzymuj ruch zgodnie z opisem ćwiczenia. Zwróć uwagę na bezpieczeństwo: Tempo dostosowane do możliwości. Ruch wykonuj wolno, bez wstrzymywania oddechu; przerwij przy ostrym bólu, zawrotach głowy lub duszności."
Superman,The Superman,Best-Mobility-Exercises-for-Seniors.pdf,siła_postura,średni,leżąca na brzuchu,brak,10-20 (1-2 serie),,plecy i pośladki,unoszenie ramienia i przeciwległej nogi,nie,nie,nie,nie,tak,ból pleców,,wzmocnienie pleców i stabilizacja,niski,wysoki,niski,niski,wysoki,niska,Unosić tylko kilka centymetrów,"Przyjmij pozycję wyjściową: leżąca na brzuchu. Następnie wykonuj ruch główny: unoszenie ramienia i przeciwległej nogi. Wykonaj około 10-20 (1-2 serie) powtórzeń lub utrzymuj ruch zgodnie z opisem ćwiczenia. Zwróć uwagę na bezpieczeństwo: Unosić tylko kilka centymetrów. Ruch wykonuj wolno, bez wstrzymywania oddechu; przerwij przy ostrym bólu, zawrotach głowy lub duszności."
Unoszenie biodra w bok,Side Hip Raises,Best-Mobility-Exercises-for-Seniors.pdf,siła_mobilność,łatwy,stojąca,krzesło,10 na stronę,,"biodra, pośladki",unoszenie biodra bokiem,tak,nie,nie,tak,nie,słabe biodra,,wzmocnienie bioder i poprawa mobilności,niski,wysoki,niski,niski,niski,niska,Palce skierowane prosto do przodu,"Przyjmij pozycję wyjściową: stojąca. Przygotuj sprzęt: krzesło. Następnie wykonuj ruch główny: unoszenie biodra bokiem. Wykonaj około 10 na stronę powtórzeń lub utrzymuj ruch zgodnie z opisem ćwiczenia. Zwróć uwagę na bezpieczeństwo: Palce skierowane prosto do przodu. Ruch wykonuj wolno, bez wstrzymywania oddechu; przerwij przy ostrym bólu, zawrotach głowy lub duszności."
Unoszenie nóg w siadzie,Seated Leg Lifts,Best-Mobility-Exercises-for-Seniors.pdf,siła,łatwy,siedząca,krzesło,,,nogi (czworogłowy),prostowanie nogi w siadzie,tak,nie,tak,nie,nie,ból kolan; słabe nogi,,wzmocnienie ud,niski,wysoki,niski,niski,niski,niska,Trzymać 5 sekund w górze,"Przyjmij pozycję wyjściową: siedząca. Przygotuj sprzęt: krzesło. Następnie wykonuj ruch główny: prostowanie nogi w siadzie. Zwróć uwagę na bezpieczeństwo: Trzymać 5 sekund w górze. Ruch wykonuj wolno, bez wstrzymywania oddechu; przerwij przy ostrym bólu, zawrotach głowy lub duszności."
Podpór na łokciach (deska),Bent Arm Plank,Best-Mobility-Exercises-for-Seniors.pdf,siła_postura,średni,leżąca na brzuchu,brak,,,tułów i core,izometryczne utrzymanie pozycji,nie,nie,nie,nie,tak,słaby core; ból pleców,osteoporoza kręgosłupa – ostrożność,wzmocnienie core i stabilizacja,niski,wysoki,niski,niski,wysoki,niska,Plecy proste jak deska,"Przyjmij pozycję wyjściową: leżąca na brzuchu. Następnie wykonuj ruch główny: izometryczne utrzymanie pozycji. Zwróć uwagę na bezpieczeństwo: Plecy proste jak deska. Ruch wykonuj wolno, bez wstrzymywania oddechu; przerwij przy ostrym bólu, zawrotach głowy lub duszności."
Unoszenie nogi na piłce,Stability Ball Leg Lift,Best-Mobility-Exercises-for-Seniors.pdf,siła_równowaga,średni,siedząca na piłce,piłka gimnastyczna,8-15 na nogę,,"biodra, uda",unoszenie nogi na piłce,nie,nie,tak,nie,nie,ból kolan,,równowaga i siła nóg,wysoki,wysoki,niski,niski,niski,niska,Stopy bliżej = trudniej,"Przyjmij pozycję wyjściową: siedząca na piłce. Przygotuj sprzęt: piłka gimnastyczna. Następnie wykonuj ruch główny: unoszenie nogi na piłce. Wykonaj około 8-15 na nogę powtórzeń lub utrzymuj ruch zgodnie z opisem ćwiczenia. Zwróć uwagę na bezpieczeństwo: Stopy bliżej = trudniej. Ruch wykonuj wolno, bez wstrzymywania oddechu; przerwij przy ostrym bólu, zawrotach głowy lub duszności."
Uginanie kolan w łóżku (noga prosta),Bed Leg Lift,Best-Mobility-Exercises-for-Seniors.pdf,siła,łatwy,leżąca na plecach,łóżko,,,nogi (czworogłowy),unoszenie prostej nogi,nie,tak,nie,nie,tak,ograniczona mobilność; rekonwalescencja,,wzmocnienie ud,niski,wysoki,niski,niski,niski,bardzo niska,Kilka centymetrów w górę wystarczy,"Przyjmij pozycję wyjściową: leżąca na plecach. Przygotuj sprzęt: łóżko. Następnie wykonuj ruch główny: unoszenie prostej nogi. Zwróć uwagę na bezpieczeństwo: Kilka centymetrów w górę wystarczy. Ruch wykonuj wolno, bez wstrzymywania oddechu; przerwij przy ostrym bólu, zawrotach głowy lub duszności."
Wiosłowanie z taśmą,Seated Row,Best-Mobility-Exercises-for-Seniors.pdf,siła,łatwy,siedząca na podłodze,taśma oporowa lub ręcznik,10 (1-2 serie),,"plecy, bicepsy",wiosłowanie z taśmą,nie,nie,nie,nie,tak,słabe plecy; zła postura,,wzmocnienie górnych pleców,niski,wysoki,niski,niski,wysoki,niska,Wolny ruch powrotny,"Przyjmij pozycję wyjściową: siedząca na podłodze. Przygotuj sprzęt: taśma oporowa lub ręcznik. Następnie wykonuj ruch główny: wiosłowanie z taśmą. Wykonaj około 10 (1-2 serie) powtórzeń lub utrzymuj ruch zgodnie z opisem ćwiczenia. Zwróć uwagę na bezpieczeństwo: Wolny ruch powrotny. Ruch wykonuj wolno, bez wstrzymywania oddechu; przerwij przy ostrym bólu, zawrotach głowy lub duszności."
Energia ku niebu,Energy to the Sky,Best-Mobility-Exercises-for-Seniors.pdf,mobilność_oddech,łatwy,stojąca,brak,5-10,,,unoszenie ramion z wdechem,nie,nie,nie,tak,nie,ograniczona mobilność ramion,,ruchomość i ćwiczenie oddechu,niski,niski,wysoki,niski,niski,bardzo niska,Śledzić dłonie wzrokiem,"Przyjmij pozycję wyjściową: stojąca. Następnie wykonuj ruch główny: unoszenie ramion z wdechem. Wykonaj około 5-10 powtórzeń lub utrzymuj ruch zgodnie z opisem ćwiczenia. Zwróć uwagę na bezpieczeństwo: Śledzić dłonie wzrokiem. Ruch wykonuj wolno, bez wstrzymywania oddechu; przerwij przy ostrym bólu, zawrotach głowy lub duszności."
Spacer (z wariantami),Walking,Best-Mobility-Exercises-for-Seniors.pdf,kardio_mobilność,łatwy,stojąca,brak,,,nogi i całe ciało,marsz z wariantami tempa,nie,nie,nie,tak,nie,ogólna słaba kondycja,,kondycja i mobilność,niski,niski,niski,wysoki,niski,bardzo niska,Marsz w miejscu przy złej pogodzie,"Przyjmij pozycję wyjściową: stojąca. Następnie wykonuj ruch główny: marsz z wariantami tempa. Zwróć uwagę na bezpieczeństwo: Marsz w miejscu przy złej pogodzie. Ruch wykonuj wolno, bez wstrzymywania oddechu; przerwij przy ostrym bólu, zawrotach głowy lub duszności."
Unoszenie nóg na fotelu,Captain's Chair Lift,Best-Mobility-Exercises-for-Seniors.pdf,siła,łatwy,siedząca,krzesło z solidnym siedziskiem,3-5,,"biodra, brzuch",przyciąganie kolan do klatki,tak,nie,tak,nie,nie,słaby brzuch; słabe biodra,,siła core i bioder,niski,wysoki,niski,niski,niski,niska,Nawet kilka centymetrów wystarczy,"Przyjmij pozycję wyjściową: siedząca. Przygotuj sprzęt: krzesło z solidnym siedziskiem. Następnie wykonuj ruch główny: przyciąganie kolan do klatki. Wykonaj około 3-5 powtórzeń lub utrzymuj ruch zgodnie z opisem ćwiczenia. Zwróć uwagę na bezpieczeństwo: Nawet kilka centymetrów wystarczy. Ruch wykonuj wolno, bez wstrzymywania oddechu; przerwij przy ostrym bólu, zawrotach głowy lub duszności."
Kot i krowa,Cat and Cow,Best-Mobility-Exercises-for-Seniors.pdf,mobilność_postura,łatwy,klęcząca,brak,5-10,,,naprzemienne wyginanie kręgosłupa,nie,nie,nie,nie,tak,ból i sztywność pleców,,ruchomość kręgosłupa,niski,niski,wysoki,niski,wysoki,bardzo niska,Ruch jeden kręg na raz,"Przyjmij pozycję wyjściową: klęcząca. Następnie wykonuj ruch główny: naprzemienne wyginanie kręgosłupa. Wykonaj około 5-10 powtórzeń lub utrzymuj ruch zgodnie z opisem ćwiczenia. Zwróć uwagę na bezpieczeństwo: Ruch jeden kręg na raz. Ruch wykonuj wolno, bez wstrzymywania oddechu; przerwij przy ostrym bólu, zawrotach głowy lub duszności."
Skłon w przód,Forward Back Bend,Back-Exercises-for-Elderly.pdf,elastyczność_plecy,łatwy,stojąca,brak,5-10,20-30,plecy i hamstring,skłon w przód z bioder,nie,nie,nie,tak,nie,napięcie pleców,,rozciągnięcie pleców i nóg,niski,niski,wysoki,niski,niski,niska,Wracać powoli żeby uniknąć zawrotów głowy,"Przyjmij pozycję wyjściową: stojąca. Następnie wykonuj ruch główny: skłon w przód z bioder. Wykonaj około 5-10 powtórzeń lub utrzymuj ruch zgodnie z opisem ćwiczenia. Jeżeli ćwiczenie jest czasowe, wykonuj je przez około 20-30 sekund. Zwróć uwagę na bezpieczeństwo: Wracać powoli żeby uniknąć zawrotów głowy. Ruch wykonuj wolno, bez wstrzymywania oddechu; przerwij przy ostrym bólu, zawrotach głowy lub duszności."
Skłon boczny w staniu,Standing Back Side Stretch,Back-Exercises-for-Elderly.pdf,elastyczność_plecy,łatwy,stojąca,brak,5-10 na stronę,10,"boki, plecy",skłon boczny z ręką wzdłuż nogi,nie,nie,nie,tak,nie,napięcie bocznych mięśni pleców,,ruchomość boczna kręgosłupa,niski,niski,wysoki,niski,niski,bardzo niska,Trzymać kolana proste,"Przyjmij pozycję wyjściową: stojąca. Następnie wykonuj ruch główny: skłon boczny z ręką wzdłuż nogi. Wykonaj około 5-10 na stronę powtórzeń lub utrzymuj ruch zgodnie z opisem ćwiczenia. Jeżeli ćwiczenie jest czasowe, wykonuj je przez około 10 sekund. Zwróć uwagę na bezpieczeństwo: Trzymać kolana proste. Ruch wykonuj wolno, bez wstrzymywania oddechu; przerwij przy ostrym bólu, zawrotach głowy lub duszności."
Skłon w tył w siadzie,Seated Back Bend,Back-Exercises-for-Elderly.pdf,elastyczność_plecy,łatwy,siedząca,krzesło,5-10,,klatka piersiowa i kręgosłup,wygięcie kręgosłupa w tył,tak,nie,tak,nie,nie,garb; ból górnych pleców,,rozciągnięcie klatki piersiowej i kręgosłupa,niski,niski,wysoki,niski,wysoki,niska,Nie pochylać od bioder; prowadzić głową,"Przyjmij pozycję wyjściową: siedząca. Przygotuj sprzęt: krzesło. Następnie wykonuj ruch główny: wygięcie kręgosłupa w tył. Wykonaj około 5-10 powtórzeń lub utrzymuj ruch zgodnie z opisem ćwiczenia. Zwróć uwagę na bezpieczeństwo: Nie pochylać od bioder; prowadzić głową. Ruch wykonuj wolno, bez wstrzymywania oddechu; przerwij przy ostrym bólu, zawrotach głowy lub duszności."
Rotacje ramionami,Shoulder Rotations,Back-Exercises-for-Elderly.pdf,siła_mobilność,łatwy,stojąca,hantle opcjonalnie,10-15 (2-3 serie),,"stożek rotatorów, barki",rotacja ramienia przy boku,nie,nie,nie,tak,nie,problemy z barkami; słabe stożek rotatorów,,stabilizacja i ruchomość barku,niski,wysoki,wysoki,niski,niski,niska,Łokieć przy boku przez cały czas,"Przyjmij pozycję wyjściową: stojąca. Przygotuj sprzęt: hantle opcjonalnie. Następnie wykonuj ruch główny: rotacja ramienia przy boku. Wykonaj około 10-15 (2-3 serie) powtórzeń lub utrzymuj ruch zgodnie z opisem ćwiczenia. Zwróć uwagę na bezpieczeństwo: Łokieć przy boku przez cały czas. Ruch wykonuj wolno, bez wstrzymywania oddechu; przerwij przy ostrym bólu, zawrotach głowy lub duszności."
Wiosłowanie w skłonie,Bent Shoulder Rows,Back-Exercises-for-Elderly.pdf,siła,łatwy,stojąca,hantle,8-10 (2-3 serie),,"górna część pleców, bicepsy",wiosłowanie w skłonie z ciężarkami,nie,nie,nie,tak,nie,słabe plecy; zła postura,,wzmocnienie górnych pleców,niski,wysoki,niski,niski,wysoki,niska,Tułów prawie równoległy do podłogi,"Przyjmij pozycję wyjściową: stojąca. Przygotuj sprzęt: hantle. Następnie wykonuj ruch główny: wiosłowanie w skłonie z ciężarkami. Wykonaj około 8-10 (2-3 serie) powtórzeń lub utrzymuj ruch zgodnie z opisem ćwiczenia. Zwróć uwagę na bezpieczeństwo: Tułów prawie równoległy do podłogi. Ruch wykonuj wolno, bez wstrzymywania oddechu; przerwij przy ostrym bólu, zawrotach głowy lub duszności."
Mostek plecy (tylny),Back Bridge,Back-Exercises-for-Elderly.pdf,siła_postura,łatwy,leżąca na plecach,brak,10 (2-3 serie),,pośladki i dolna część pleców,mostek z naciskiem na plecy,nie,tak,nie,nie,tak,ból dolnych pleców,,wzmocnienie dolnych pleców,niski,wysoki,niski,niski,wysoki,niska,Brzuch napięty; wolne kontrolowane ruchy,"Przyjmij pozycję wyjściową: leżąca na plecach. Następnie wykonuj ruch główny: mostek z naciskiem na plecy. Wykonaj około 10 (2-3 serie) powtórzeń lub utrzymuj ruch zgodnie z opisem ćwiczenia. Zwróć uwagę na bezpieczeństwo: Brzuch napięty; wolne kontrolowane ruchy. Ruch wykonuj wolno, bez wstrzymywania oddechu; przerwij przy ostrym bólu, zawrotach głowy lub duszności."
Rolki ramion,Shoulder Rolls,Arm-Exercises-for-Seniors.pdf,mobilność_ramiona,łatwy,stojąca lub siedząca,brak,20 i odwrotnie,,,okrężne ruchy ramionami,nie,nie,tak,nie,nie,napięcie barków; zła postura,,rozluźnienie barków,niski,niski,wysoki,niski,wysoki,bardzo niska,Coraz większe kręgi,"Przyjmij pozycję wyjściową: stojąca lub siedząca. Następnie wykonuj ruch główny: okrężne ruchy ramionami. Wykonaj około 20 i odwrotnie powtórzeń lub utrzymuj ruch zgodnie z opisem ćwiczenia. Zwróć uwagę na bezpieczeństwo: Coraz większe kręgi. Ruch wykonuj wolno, bez wstrzymywania oddechu; przerwij przy ostrym bólu, zawrotach głowy lub duszności."
Ściskanie łopatek,Shoulder Blade Squeezes,Arm-Exercises-for-Seniors.pdf,postura,łatwy,stojąca,brak,10-20 (1-2 serie),do 5 sek,"łopatki, górna część pleców",ściskanie łopatek do siebie,nie,nie,tak,nie,nie,zła postura; garb,,poprawa postawy,niski,wysoki,niski,niski,wysoki,bardzo niska,Wyobrazić sobie trzymanie ołówka między łopatkami,"Przyjmij pozycję wyjściową: stojąca. Następnie wykonuj ruch główny: ściskanie łopatek do siebie. Wykonaj około 10-20 (1-2 serie) powtórzeń lub utrzymuj ruch zgodnie z opisem ćwiczenia. Jeżeli ćwiczenie jest czasowe, wykonuj je przez około do 5 sek sekund. Zwróć uwagę na bezpieczeństwo: Wyobrazić sobie trzymanie ołówka między łopatkami. Ruch wykonuj wolno, bez wstrzymywania oddechu; przerwij przy ostrym bólu, zawrotach głowy lub duszności."
Unoszenie ramienia z obciążeniem,Shoulder Raise,Arm-Exercises-for-Seniors.pdf,siła,łatwy,stojąca,hantle,10 na rękę,,bark,odwodzenie ramienia,nie,nie,nie,tak,nie,słabe barki,,wzmocnienie barku,niski,wysoki,niski,niski,niski,niska,Wydech przy ruchu w górę,"Przyjmij pozycję wyjściową: stojąca. Przygotuj sprzęt: hantle. Następnie wykonuj ruch główny: odwodzenie ramienia. Wykonaj około 10 na rękę powtórzeń lub utrzymuj ruch zgodnie z opisem ćwiczenia. Zwróć uwagę na bezpieczeństwo: Wydech przy ruchu w górę. Ruch wykonuj wolno, bez wstrzymywania oddechu; przerwij przy ostrym bólu, zawrotach głowy lub duszności."
Wiosłowanie w pochyleniu,Bent Row,Arm-Exercises-for-Seniors.pdf,siła,średni,stojąca,hantle,10 (1-2 serie),,"plecy, bicepsy",wiosłowanie w pochyleniu tułowia,nie,nie,nie,tak,nie,słabe plecy,,wzmocnienie pleców i ramion,niski,wysoki,niski,niski,wysoki,niska,Łopatki do siebie przy ciągnięciu,"Przyjmij pozycję wyjściową: stojąca. Przygotuj sprzęt: hantle. Następnie wykonuj ruch główny: wiosłowanie w pochyleniu tułowia. Wykonaj około 10 (1-2 serie) powtórzeń lub utrzymuj ruch zgodnie z opisem ćwiczenia. Zwróć uwagę na bezpieczeństwo: Łopatki do siebie przy ciągnięciu. Ruch wykonuj wolno, bez wstrzymywania oddechu; przerwij przy ostrym bólu, zawrotach głowy lub duszności."
Odbijanie tricepsa,Triceps Kickbacks,Arm-Exercises-for-Seniors.pdf,siła,łatwy,stojąca w skłonie,hantle + krzesło lub stół,10 na rękę,,tricepsy,prostowanie łokcia w tył,tak,nie,nie,tak,nie,słabe tricepsy,,wzmocnienie tricepsów,niski,wysoki,niski,niski,niski,niska,Pochylić od bioder nie od pleców,"Przyjmij pozycję wyjściową: stojąca w skłonie. Przygotuj sprzęt: hantle + krzesło lub stół. Następnie wykonuj ruch główny: prostowanie łokcia w tył. Wykonaj około 10 na rękę powtórzeń lub utrzymuj ruch zgodnie z opisem ćwiczenia. Zwróć uwagę na bezpieczeństwo: Pochylić od bioder nie od pleców. Ruch wykonuj wolno, bez wstrzymywania oddechu; przerwij przy ostrym bólu, zawrotach głowy lub duszności."
Prostowanie łokcia nad głową,Overhead Elbow Extension,Arm-Exercises-for-Seniors.pdf,siła,łatwy,siedząca,krzesło + hantle,10 na rękę,,tricepsy,prostowanie łokcia nad głową,tak,nie,tak,nie,nie,słabe tricepsy,,wzmocnienie tricepsów,niski,wysoki,niski,niski,niski,niska,Plecy oparte o oparcie krzesła,"Przyjmij pozycję wyjściową: siedząca. Przygotuj sprzęt: krzesło + hantle. Następnie wykonuj ruch główny: prostowanie łokcia nad głową. Wykonaj około 10 na rękę powtórzeń lub utrzymuj ruch zgodnie z opisem ćwiczenia. Zwróć uwagę na bezpieczeństwo: Plecy oparte o oparcie krzesła. Ruch wykonuj wolno, bez wstrzymywania oddechu; przerwij przy ostrym bólu, zawrotach głowy lub duszności."
Uginanie bicepsa w siadzie,Seated Biceps Curls,Arm-Exercises-for-Seniors.pdf,siła,łatwy,siedząca,krzesło bez podłokietników + hantle,10-20 (1-2 serie),,bicepsy,uginanie ramion,tak,nie,tak,nie,nie,słabe ramiona,,wzmocnienie bicepsów,niski,wysoki,niski,niski,niski,niska,Nadgarstki proste; tułów nieruchomy,"Przyjmij pozycję wyjściową: siedząca. Przygotuj sprzęt: krzesło bez podłokietników + hantle. Następnie wykonuj ruch główny: uginanie ramion. Wykonaj około 10-20 (1-2 serie) powtórzeń lub utrzymuj ruch zgodnie z opisem ćwiczenia. Zwróć uwagę na bezpieczeństwo: Nadgarstki proste; tułów nieruchomy. Ruch wykonuj wolno, bez wstrzymywania oddechu; przerwij przy ostrym bólu, zawrotach głowy lub duszności."
Wyciskanie siedzące,Seated Overhead Press,Arm-Exercises-for-Seniors.pdf,siła,łatwy,siedząca,krzesło + hantle,10 (1-2 serie),,barki,wyciskanie nad głowę,tak,nie,tak,nie,nie,słabe barki,,wzmocnienie barków,niski,wysoki,niski,niski,niski,niska,Tułów napięty,"Przyjmij pozycję wyjściową: siedząca. Przygotuj sprzęt: krzesło + hantle. Następnie wykonuj ruch główny: wyciskanie nad głowę. Wykonaj około 10 (1-2 serie) powtórzeń lub utrzymuj ruch zgodnie z opisem ćwiczenia. Zwróć uwagę na bezpieczeństwo: Tułów napięty. Ruch wykonuj wolno, bez wstrzymywania oddechu; przerwij przy ostrym bólu, zawrotach głowy lub duszności."
Pompki przy ścianie (ramiona),Wall Pushups,Arm-Exercises-for-Seniors.pdf,siła,łatwy,stojąca,ściana,15-20 (1-2 serie),,"klatka piersiowa, tricepsy",odpychanie od ściany,nie,nie,nie,tak,nie,słabe ramiona,,wzmocnienie górnej części ciała,niski,wysoki,niski,niski,niski,niska,Wolno zwłaszcza w tył,"Przyjmij pozycję wyjściową: stojąca. Przygotuj sprzęt: ściana. Następnie wykonuj ruch główny: odpychanie od ściany. Wykonaj około 15-20 (1-2 serie) powtórzeń lub utrzymuj ruch zgodnie z opisem ćwiczenia. Zwróć uwagę na bezpieczeństwo: Wolno zwłaszcza w tył. Ruch wykonuj wolno, bez wstrzymywania oddechu; przerwij przy ostrym bólu, zawrotach głowy lub duszności."
Izometria siedząca,Seated Isometric Exercises,Arm-Exercises-for-Seniors.pdf,siła,łatwy,siedząca,krzesło,,,ramiona i tułów,izometryczne napięcia ramion,tak,nie,tak,nie,nie,bardzo ograniczona mobilność,,siła izometryczna ramion,niski,wysoki,niski,niski,niski,bardzo niska,Bez ruchu stawów – bezpieczne dla bólów stawowych,"Przyjmij pozycję wyjściową: siedząca. Przygotuj sprzęt: krzesło. Następnie wykonuj ruch główny: izometryczne napięcia ramion. Zwróć uwagę na bezpieczeństwo: Bez ruchu stawów – bezpieczne dla bólów stawowych. Ruch wykonuj wolno, bez wstrzymywania oddechu; przerwij przy ostrym bólu, zawrotach głowy lub duszności."
Kolana wysoko,High Knees,Cardio-for-Seniors.pdf,kardio,średni,stojąca,brak,,,nogi i biodra,naprzemienne unoszenie kolan wysoko,nie,nie,nie,tak,nie,słaba kondycja,,kardio,niski,średni,niski,wysoki,niski,niska,Pompować ramionami,"Przyjmij pozycję wyjściową: stojąca. Następnie wykonuj ruch główny: naprzemienne unoszenie kolan wysoko. Zwróć uwagę na bezpieczeństwo: Pompować ramionami. Ruch wykonuj wolno, bez wstrzymywania oddechu; przerwij przy ostrym bólu, zawrotach głowy lub duszności."
Kopnięcia piętą,Butt Kicks,Cardio-for-Seniors.pdf,kardio,łatwy,stojąca,brak,,,uda tylne i nogi,przyciąganie pięty do pośladka,nie,nie,nie,tak,nie,słaba kondycja,,kardio,niski,średni,niski,wysoki,niski,niska,Pompować ramionami,"Przyjmij pozycję wyjściową: stojąca. Następnie wykonuj ruch główny: przyciąganie pięty do pośladka. Zwróć uwagę na bezpieczeństwo: Pompować ramionami. Ruch wykonuj wolno, bez wstrzymywania oddechu; przerwij przy ostrym bólu, zawrotach głowy lub duszności."
Prostowanie kolana (siedząc),Knee Extension,Cardio-for-Seniors.pdf,siła_kardio,łatwy,siedząca,krzesło,8 na nogę,2 sek przerwa,czworogłowy,prostowanie kolana w siadzie,tak,nie,tak,nie,nie,słabe kolana; rekonwalescencja,,wzmocnienie czworogłowego,niski,wysoki,niski,niski,niski,niska,Palce skierowane w górę,"Przyjmij pozycję wyjściową: siedząca. Przygotuj sprzęt: krzesło. Następnie wykonuj ruch główny: prostowanie kolana w siadzie. Wykonaj około 8 na nogę powtórzeń lub utrzymuj ruch zgodnie z opisem ćwiczenia. Jeżeli ćwiczenie jest czasowe, wykonuj je przez około 2 sek przerwa sekund. Zwróć uwagę na bezpieczeństwo: Palce skierowane w górę. Ruch wykonuj wolno, bez wstrzymywania oddechu; przerwij przy ostrym bólu, zawrotach głowy lub duszności."
Tulenie kolana do klatki,Single Knee Tucks,Core-Exercises-for-Seniors.pdf,siła_core,łatwy,siedząca,brak lub krzesło,10 na nogę,,"biodra, brzuch",przyciąganie kolana do klatki piersiowej,opcjonalnie,nie,tak,nie,nie,słaby brzuch,,siła bioder i brzucha,niski,wysoki,niski,niski,niski,niska,Opuszczać nogę powoli,"Przyjmij pozycję wyjściową: siedząca. Przygotuj sprzęt: brak lub krzesło. Następnie wykonuj ruch główny: przyciąganie kolana do klatki piersiowej. Wykonaj około 10 na nogę powtórzeń lub utrzymuj ruch zgodnie z opisem ćwiczenia. Zwróć uwagę na bezpieczeństwo: Opuszczać nogę powoli. Ruch wykonuj wolno, bez wstrzymywania oddechu; przerwij przy ostrym bólu, zawrotach głowy lub duszności."
Rosyjskie skręty,Russian Twists,Core-Exercises-for-Seniors.pdf,siła_core,średni,siedząca na podłodze,brak,10,,brzuch,skręty tułowia w siadzie,nie,nie,nie,nie,tak,słaby core,ból dolnych pleców – ostrożność,wzmocnienie skośnych brzucha,niski,wysoki,niski,niski,wysoki,niska,Nogi pod kątem 90 stopni,"Przyjmij pozycję wyjściową: siedząca na podłodze. Następnie wykonuj ruch główny: skręty tułowia w siadzie. Wykonaj około 10 powtórzeń lub utrzymuj ruch zgodnie z opisem ćwiczenia. Zwróć uwagę na bezpieczeństwo: Nogi pod kątem 90 stopni. Ruch wykonuj wolno, bez wstrzymywania oddechu; przerwij przy ostrym bólu, zawrotach głowy lub duszności."
Siedzące skoki z rozrzutem,Seated Jumping Jacks,Core-Exercises-for-Seniors.pdf,kardio_core,łatwy,siedząca,krzesło,10,,ramiona i nogi,naprzemienne rozszerzanie nóg i rąk,tak,nie,tak,nie,nie,ograniczona mobilność; słaba kondycja,,kardio i koordynacja,niski,niski,niski,wysoki,niski,niska,Alternatywa dla skaczących jacks,"Przyjmij pozycję wyjściową: siedząca. Przygotuj sprzęt: krzesło. Następnie wykonuj ruch główny: naprzemienne rozszerzanie nóg i rąk. Wykonaj około 10 powtórzeń lub utrzymuj ruch zgodnie z opisem ćwiczenia. Zwróć uwagę na bezpieczeństwo: Alternatywa dla skaczących jacks. Ruch wykonuj wolno, bez wstrzymywania oddechu; przerwij przy ostrym bólu, zawrotach głowy lub duszności."
Delikatny skręt,Gentle Twist,Core-Exercises-for-Seniors.pdf,elastyczność_core,łatwy,siedząca,brak,10,,talia i plecy,skręt z opuszczaniem ramion,nie,nie,tak,nie,nie,sztywność kręgosłupa,,ruchomość rotacyjna kręgosłupa,niski,niski,wysoki,niski,wysoki,bardzo niska,Skręcać tak daleko jak komfortowo,"Przyjmij pozycję wyjściową: siedząca. Następnie wykonuj ruch główny: skręt z opuszczaniem ramion. Wykonaj około 10 powtórzeń lub utrzymuj ruch zgodnie z opisem ćwiczenia. Zwróć uwagę na bezpieczeństwo: Skręcać tak daleko jak komfortowo. Ruch wykonuj wolno, bez wstrzymywania oddechu; przerwij przy ostrym bólu, zawrotach głowy lub duszności."
Kręgi biodrami na piłce,Hip Circles,Ball-Exercises-for-Seniors.pdf,mobilność_core,łatwy,siedząca na piłce,piłka gimnastyczna,10-15 (w obu kierunkach),,"biodra, core",kręcenie biodrami,nie,nie,tak,nie,nie,sztywność bioder,,ruchomość bioder i mobilizacja kręgosłupa,niski,niski,wysoki,niski,wysoki,niska,Kolana pod kątem 90 stopni,"Przyjmij pozycję wyjściową: siedząca na piłce. Przygotuj sprzęt: piłka gimnastyczna. Następnie wykonuj ruch główny: kręcenie biodrami. Wykonaj około 10-15 (w obu kierunkach) powtórzeń lub utrzymuj ruch zgodnie z opisem ćwiczenia. Zwróć uwagę na bezpieczeństwo: Kolana pod kątem 90 stopni. Ruch wykonuj wolno, bez wstrzymywania oddechu; przerwij przy ostrym bólu, zawrotach głowy lub duszności."
Unoszenie nóg na piłce (siedząc),Leg Lifts on Ball,Ball-Exercises-for-Seniors.pdf,siła_równowaga,średni,siedząca na piłce,piłka gimnastyczna,10-15 na nogę,5 sek,"uda, biodra",unoszenie nogi z piłki,nie,nie,tak,nie,nie,słabe nogi,,siła nóg i równowaga,wysoki,wysoki,niski,niski,niski,niska,Stopy bliżej = trudniejsze ćwiczenie,"Przyjmij pozycję wyjściową: siedząca na piłce. Przygotuj sprzęt: piłka gimnastyczna. Następnie wykonuj ruch główny: unoszenie nogi z piłki. Wykonaj około 10-15 na nogę powtórzeń lub utrzymuj ruch zgodnie z opisem ćwiczenia. Jeżeli ćwiczenie jest czasowe, wykonuj je przez około 5 sek sekund. Zwróć uwagę na bezpieczeństwo: Stopy bliżej = trudniejsze ćwiczenie. Ruch wykonuj wolno, bez wstrzymywania oddechu; przerwij przy ostrym bólu, zawrotach głowy lub duszności."
Rozciąganie pleców na piłce,Back Extensions,Ball-Exercises-for-Seniors.pdf,siła_elastyczność,średni,leżąca na brzuchu na piłce,piłka gimnastyczna,10-15 (1-2 serie),,plecy,wciąganie górnej części ciała,nie,nie,nie,nie,tak,ból pleców,,wzmocnienie pleców i rozciągnięcie,niski,wysoki,wysoki,niski,wysoki,niska,Nie wyginać szyi; trzymać w linii z kręgosłupem,"Przyjmij pozycję wyjściową: leżąca na brzuchu na piłce. Przygotuj sprzęt: piłka gimnastyczna. Następnie wykonuj ruch główny: wciąganie górnej części ciała. Wykonaj około 10-15 (1-2 serie) powtórzeń lub utrzymuj ruch zgodnie z opisem ćwiczenia. Zwróć uwagę na bezpieczeństwo: Nie wyginać szyi; trzymać w linii z kręgosłupem. Ruch wykonuj wolno, bez wstrzymywania oddechu; przerwij przy ostrym bólu, zawrotach głowy lub duszności."
Pies myśliwski na piłce,Stability Ball Bird Dog,Ball-Exercises-for-Seniors.pdf,siła_równowaga,średni,leżąca na brzuchu na piłce,piłka gimnastyczna,10-15 na stronę,,"plecy, pośladki",unoszenie przeciwległej ręki i nogi,nie,nie,nie,nie,tak,słabe plecy,,stabilizacja i siła pleców,niski,wysoki,niski,niski,wysoki,niska,Napięcie brzucha utrzymuje balans,"Przyjmij pozycję wyjściową: leżąca na brzuchu na piłce. Przygotuj sprzęt: piłka gimnastyczna. Następnie wykonuj ruch główny: unoszenie przeciwległej ręki i nogi. Wykonaj około 10-15 na stronę powtórzeń lub utrzymuj ruch zgodnie z opisem ćwiczenia. Zwróć uwagę na bezpieczeństwo: Napięcie brzucha utrzymuje balans. Ruch wykonuj wolno, bez wstrzymywania oddechu; przerwij przy ostrym bólu, zawrotach głowy lub duszności."
Mostek na piłce,Ball Bridge,Ball-Exercises-for-Seniors.pdf,siła_równowaga,średni,leżąca na plecach,piłka gimnastyczna,10-15 (1-2 serie),,pośladki i plecy,mostek z piętami na piłce,nie,nie,nie,nie,tak,ból dolnych pleców,,wzmocnienie dolnych pleców,niski,wysoki,niski,niski,wysoki,niska,Nie za wysoko – unikać bólu,"Przyjmij pozycję wyjściową: leżąca na plecach. Przygotuj sprzęt: piłka gimnastyczna. Następnie wykonuj ruch główny: mostek z piętami na piłce. Wykonaj około 10-15 (1-2 serie) powtórzeń lub utrzymuj ruch zgodnie z opisem ćwiczenia. Zwróć uwagę na bezpieczeństwo: Nie za wysoko – unikać bólu. Ruch wykonuj wolno, bez wstrzymywania oddechu; przerwij przy ostrym bólu, zawrotach głowy lub duszności."
Ściskanie ud (piłką),Thigh Squeeze,Ball-Exercises-for-Seniors.pdf,siła,łatwy,siedząca,krzesło + mała piłka,10-15 (2-3 serie),,uda wewnętrzne,ściskanie piłki udami,tak,nie,tak,nie,nie,słabe uda wewnętrzne,,wzmocnienie przywodzicieli,niski,wysoki,niski,niski,niski,bardzo niska,Nie ściskać za mocno,"Przyjmij pozycję wyjściową: siedząca. Przygotuj sprzęt: krzesło + mała piłka. Następnie wykonuj ruch główny: ściskanie piłki udami. Wykonaj około 10-15 (2-3 serie) powtórzeń lub utrzymuj ruch zgodnie z opisem ćwiczenia. Zwróć uwagę na bezpieczeństwo: Nie ściskać za mocno. Ruch wykonuj wolno, bez wstrzymywania oddechu; przerwij przy ostrym bólu, zawrotach głowy lub duszności."
Ściskanie piłki o ścianę,Wall Squishes,Ball-Exercises-for-Seniors.pdf,siła,łatwy,stojąca,ściana + mała piłka,10-15 (1-2 serie),,dolne plecy i core,wciskanie piłki plecami w ścianę,nie,nie,nie,tak,nie,ból dolnych pleców,,stabilizacja dolnych pleców,niski,wysoki,niski,niski,wysoki,niska,Znaleźć punkt stałego napięcia,"Przyjmij pozycję wyjściową: stojąca. Przygotuj sprzęt: ściana + mała piłka. Następnie wykonuj ruch główny: wciskanie piłki plecami w ścianę. Wykonaj około 10-15 (1-2 serie) powtórzeń lub utrzymuj ruch zgodnie z opisem ćwiczenia. Zwróć uwagę na bezpieczeństwo: Znaleźć punkt stałego napięcia. Ruch wykonuj wolno, bez wstrzymywania oddechu; przerwij przy ostrym bólu, zawrotach głowy lub duszności."
Wypychanie i wykrok,Push Step and Lunge,Ball-Exercises-for-Seniors.pdf,siła_równowaga,średni,stojąca,BOSU,10 na stronę,,"nogi, biodra, core",wykrok na kopułkę,nie,nie,nie,tak,nie,słabe nogi,,siła nóg i równowaga,wysoki,wysoki,niski,niski,niski,niska,Wariacja: wykrok z ugięciem,"Przyjmij pozycję wyjściową: stojąca. Przygotuj sprzęt: BOSU. Następnie wykonuj ruch główny: wykrok na kopułkę. Wykonaj około 10 na stronę powtórzeń lub utrzymuj ruch zgodnie z opisem ćwiczenia. Zwróć uwagę na bezpieczeństwo: Wariacja: wykrok z ugięciem. Ruch wykonuj wolno, bez wstrzymywania oddechu; przerwij przy ostrym bólu, zawrotach głowy lub duszności."
Ćwiczenia ramion z piłką (siad),Seated Arm Exercises,Ball-Exercises-for-Seniors.pdf,siła_mobilność,łatwy,siedząca,krzesło + piłka,10,30 sek okrężne,"ramiona, core, tułów",unoszenie/okrężne ruchy/skręty z piłką,tak,nie,tak,nie,nie,słabe ramiona,,siła ramion i koordynacja,niski,wysoki,niski,niski,niski,niska,Zestaw kilku ruchów pod rząd,"Przyjmij pozycję wyjściową: siedząca. Przygotuj sprzęt: krzesło + piłka. Następnie wykonuj ruch główny: unoszenie/okrężne ruchy/skręty z piłką. Wykonaj około 10 powtórzeń lub utrzymuj ruch zgodnie z opisem ćwiczenia. Jeżeli ćwiczenie jest czasowe, wykonuj je przez około 30 sek okrężne sekund. Zwróć uwagę na bezpieczeństwo: Zestaw kilku ruchów pod rząd. Ruch wykonuj wolno, bez wstrzymywania oddechu; przerwij przy ostrym bólu, zawrotach głowy lub duszności."
Stanie na BOSU (postawa bazowa),Basic Stance on BOSU,Ball-Exercises-for-Seniors.pdf,równowaga,średni,stojąca,BOSU,,,całe ciało,stanie na niestabilnej powierzchni,nie,nie,nie,tak,nie,zaawansowana praca nad równowagą,zawroty głowy; poważna niestabilność,propriocepcja i równowaga,wysoki,niski,niski,niski,niski,niska,Pierwsze razy przy ścianie,"Przyjmij pozycję wyjściową: stojąca. Przygotuj sprzęt: BOSU. Następnie wykonuj ruch główny: stanie na niestabilnej powierzchni. Zwróć uwagę na bezpieczeństwo: Pierwsze razy przy ścianie. Ruch wykonuj wolno, bez wstrzymywania oddechu; przerwij przy ostrym bólu, zawrotach głowy lub duszności."
Krążki Bosunowe – crunche,Bosu Crunches,Ball-Exercises-for-Seniors.pdf,siła_core,średni,leżąca na BOSU,BOSU,10-25,,brzuch,brzuszki na BOSU,nie,nie,nie,nie,tak,słaby brzuch,ból dolnych pleców – ostrożność,wzmocnienie brzucha,niski,wysoki,niski,niski,niski,niska,Usiąść bliżej krawędzi dla podparcia pleców,"Przyjmij pozycję wyjściową: leżąca na BOSU. Przygotuj sprzęt: BOSU. Następnie wykonuj ruch główny: brzuszki na BOSU. Wykonaj około 10-25 powtórzeń lub utrzymuj ruch zgodnie z opisem ćwiczenia. Zwróć uwagę na bezpieczeństwo: Usiąść bliżej krawędzi dla podparcia pleców. Ruch wykonuj wolno, bez wstrzymywania oddechu; przerwij przy ostrym bólu, zawrotach głowy lub duszności."
Stanie na jednej nodze (balans),Single Leg Stance,Balance-Exercises-for-Seniors.pdf,równowaga,łatwy,stojąca,krzesło opcjonalnie,,,nogi i tułów,balans jednopodporowy,opcjonalnie,nie,nie,tak,nie,profilaktyka upadków,,równowaga statyczna,wysoki,średni,niski,niski,niski,niska,Wzrok przed siebie pomaga w balansie,"Przyjmij pozycję wyjściową: stojąca. Przygotuj sprzęt: krzesło opcjonalnie. Następnie wykonuj ruch główny: balans jednopodporowy. Zwróć uwagę na bezpieczeństwo: Wzrok przed siebie pomaga w balansie. Ruch wykonuj wolno, bez wstrzymywania oddechu; przerwij przy ostrym bólu, zawrotach głowy lub duszności."
Dosięgnięcie zegarowe,Clock Reach,Balance-Exercises-for-Seniors.pdf,równowaga,średni,stojąca,krzesło,5-10 na stronę,,"nogi, tułów, ramiona",stanie na jednej nodze z ruchem ręki,tak,nie,nie,tak,nie,zaawansowane ćwiczenia równowagi,,dynamiczna równowaga,wysoki,średni,niski,niski,niski,niska,Noga uniesiona przez cały ruch ręki,"Przyjmij pozycję wyjściową: stojąca. Przygotuj sprzęt: krzesło. Następnie wykonuj ruch główny: stanie na jednej nodze z ruchem ręki. Wykonaj około 5-10 na stronę powtórzeń lub utrzymuj ruch zgodnie z opisem ćwiczenia. Zwróć uwagę na bezpieczeństwo: Noga uniesiona przez cały ruch ręki. Ruch wykonuj wolno, bez wstrzymywania oddechu; przerwij przy ostrym bólu, zawrotach głowy lub duszności."
Postawa przesunięta,Staggered Stance,Balance-Exercises-for-Seniors.pdf,równowaga,łatwy,stojąca,ściana lub krzesło opcjonalnie,,,nogi,tandemowe stanie (pięta do palców),opcjonalnie,nie,nie,tak,nie,profilaktyka upadków,,równowaga w pozycji zredukowanej podstawy,wysoki,niski,niski,niski,niski,niska,Zaczynać od 10 sek; zwiększać do minuty,"Przyjmij pozycję wyjściową: stojąca. Przygotuj sprzęt: ściana lub krzesło opcjonalnie. Następnie wykonuj ruch główny: tandemowe stanie (pięta do palców). Zwróć uwagę na bezpieczeństwo: Zaczynać od 10 sek; zwiększać do minuty. Ruch wykonuj wolno, bez wstrzymywania oddechu; przerwij przy ostrym bólu, zawrotach głowy lub duszności."
Śledzenie wzrokiem,Eye Tracking,Balance-Exercises-for-Seniors.pdf,równowaga,łatwy,siedząca,krzesło,,,oczy i głowa,ruch kciuka z oczami nieruchomą głową,tak,nie,tak,nie,nie,zawroty głowy; problemy z błędnikiem,,propriocepcja wzrokowa,wysoki,niski,niski,niski,niski,bardzo niska,Głowa nieruchoma; tylko oczy,"Przyjmij pozycję wyjściową: siedząca. Przygotuj sprzęt: krzesło. Następnie wykonuj ruch główny: ruch kciuka z oczami nieruchomą głową. Zwróć uwagę na bezpieczeństwo: Głowa nieruchoma; tylko oczy. Ruch wykonuj wolno, bez wstrzymywania oddechu; przerwij przy ostrym bólu, zawrotach głowy lub duszności."
Balansowanie laską,Balancing Wand,Balance-Exercises-for-Seniors.pdf,równowaga_koordynacja,łatwy,siedząca,krzesło + laska lub długi przedmiot,,,ramię i tułów,balansowanie pionowego przedmiotu na dłoni,tak,nie,tak,nie,nie,zaburzenia równowagi; koordynacja,,koordynacja i równowaga,wysoki,niski,niski,niski,niski,niska,Mieć kogoś do podniesienia laski jeśli trudno wstać,"Przyjmij pozycję wyjściową: siedząca. Przygotuj sprzęt: krzesło + laska lub długi przedmiot. Następnie wykonuj ruch główny: balansowanie pionowego przedmiotu na dłoni. Zwróć uwagę na bezpieczeństwo: Mieć kogoś do podniesienia laski jeśli trudno wstać. Ruch wykonuj wolno, bez wstrzymywania oddechu; przerwij przy ostrym bólu, zawrotach głowy lub duszności."
Kołysanie łodzią (zaawansowane),Rock the Boat,Balance-Exercises-for-Seniors.pdf,równowaga,łatwy,stojąca,krzesło,5-10 na stronę,do 10 sek,"nogi, biodra",unoszenie nogi w bok z trzymaniem krzesła,tak,nie,nie,tak,nie,profilaktyka upadków,,równowaga dynamiczna,wysoki,średni,niski,niski,niski,niska,Progresja: jedną ręką; bez trzymania,"Przyjmij pozycję wyjściową: stojąca. Przygotuj sprzęt: krzesło. Następnie wykonuj ruch główny: unoszenie nogi w bok z trzymaniem krzesła. Wykonaj około 5-10 na stronę powtórzeń lub utrzymuj ruch zgodnie z opisem ćwiczenia. Jeżeli ćwiczenie jest czasowe, wykonuj je przez około do 10 sek sekund. Zwróć uwagę na bezpieczeństwo: Progresja: jedną ręką; bez trzymania. Ruch wykonuj wolno, bez wstrzymywania oddechu; przerwij przy ostrym bólu, zawrotach głowy lub duszności."
Chód po linie,Tightrope Walk,Balance-Exercises-for-Seniors.pdf,równowaga_chód,łatwy,stojąca,ściana opcjonalnie,,,nogi,chód po wyobrażonej linii,nie,nie,nie,tak,nie,profilaktyka upadków,,równowaga dynamiczna,wysoki,niski,niski,niski,niski,niska,Patrzyć prosto przed siebie nie w dół,"Przyjmij pozycję wyjściową: stojąca. Przygotuj sprzęt: ściana opcjonalnie. Następnie wykonuj ruch główny: chód po wyobrażonej linii. Zwróć uwagę na bezpieczeństwo: Patrzyć prosto przed siebie nie w dół. Ruch wykonuj wolno, bez wstrzymywania oddechu; przerwij przy ostrym bólu, zawrotach głowy lub duszności."
Unoszenie pięty na BOSU,Bosu Unilateral Heel Raise,Balance-Exercises-for-Seniors.pdf,równowaga,średni,stojąca,BOSU,5-10,,"łydki, równowaga",wspięcie na palce na jednej nodze na BOSU,nie,nie,nie,tak,nie,zaawansowana praca nad równowagą,,propriocepcja i siła łydek,wysoki,wysoki,niski,niski,niski,niska,Jedną stopą na BOSU; druga z tyłu,"Przyjmij pozycję wyjściową: stojąca. Przygotuj sprzęt: BOSU. Następnie wykonuj ruch główny: wspięcie na palce na jednej nodze na BOSU. Wykonaj około 5-10 powtórzeń lub utrzymuj ruch zgodnie z opisem ćwiczenia. Zwróć uwagę na bezpieczeństwo: Jedną stopą na BOSU; druga z tyłu. Ruch wykonuj wolno, bez wstrzymywania oddechu; przerwij przy ostrym bólu, zawrotach głowy lub duszności."
Unoszenie palców na padzie,Balance Pad Toes Raises,Balance-Exercises-for-Seniors.pdf,równowaga,średni,stojąca,poduszka równoważna,10-15 na nogę,,"kostki, stopy",unoszenie stopy na padzie,nie,nie,nie,tak,nie,zaawansowana praca nad równowagą,,propriocepcja i siła kostek,wysoki,wysoki,niski,niski,niski,niska,Stopy blisko siebie na padzie,"Przyjmij pozycję wyjściową: stojąca. Przygotuj sprzęt: poduszka równoważna. Następnie wykonuj ruch główny: unoszenie stopy na padzie. Wykonaj około 10-15 na nogę powtórzeń lub utrzymuj ruch zgodnie z opisem ćwiczenia. Zwróć uwagę na bezpieczeństwo: Stopy blisko siebie na padzie. Ruch wykonuj wolno, bez wstrzymywania oddechu; przerwij przy ostrym bólu, zawrotach głowy lub duszności."
Marsz na padzie,Balance Pad March,Balance-Exercises-for-Seniors.pdf,równowaga_kardio,średni,stojąca,poduszka równoważna,do minuty,,"nogi, core",marsz na niestabilnej powierzchni,nie,nie,nie,tak,nie,zaawansowana praca nad równowagą,,propriocepcja i siła nóg,wysoki,wysoki,niski,średni,niski,niska,Łokcie ugięte pod 90 stopni jako przeciwwaga,"Przyjmij pozycję wyjściową: stojąca. Przygotuj sprzęt: poduszka równoważna. Następnie wykonuj ruch główny: marsz na niestabilnej powierzchni. Wykonaj około do minuty powtórzeń lub utrzymuj ruch zgodnie z opisem ćwiczenia. Zwróć uwagę na bezpieczeństwo: Łokcie ugięte pod 90 stopni jako przeciwwaga. Ruch wykonuj wolno, bez wstrzymywania oddechu; przerwij przy ostrym bólu, zawrotach głowy lub duszności."
Napięcie mięśni tylnych uda,Hamstring Sets,Bed-Exercises-for-Elderly.pdf,siła,łatwy,leżąca na plecach,łóżko,,,tylne udo,naciskanie pięty w materac,nie,tak,nie,nie,nie,rekonwalescencja; ograniczona mobilność,,wzmocnienie mięśni tylnych uda,niski,wysoki,niski,niski,niski,bardzo niska,Bez ruchu nogi,"Przyjmij pozycję wyjściową: leżąca na plecach. Przygotuj sprzęt: łóżko. Następnie wykonuj ruch główny: naciskanie pięty w materac. Zwróć uwagę na bezpieczeństwo: Bez ruchu nogi. Ruch wykonuj wolno, bez wstrzymywania oddechu; przerwij przy ostrym bólu, zawrotach głowy lub duszności."
Napięcie czworogłowego,Quad Sets,Bed-Exercises-for-Elderly.pdf,siła,łatwy,leżąca na plecach,łóżko,,,czworogłowy,napinanie mięśnia uda bez ruchu,nie,tak,nie,nie,nie,ból kolan; rekonwalescencja,,aktywacja czworogłowego,niski,wysoki,niski,niski,niski,bardzo niska,Naciskać kolano w materac,"Przyjmij pozycję wyjściową: leżąca na plecach. Przygotuj sprzęt: łóżko. Następnie wykonuj ruch główny: napinanie mięśnia uda bez ruchu. Zwróć uwagę na bezpieczeństwo: Naciskać kolano w materac. Ruch wykonuj wolno, bez wstrzymywania oddechu; przerwij przy ostrym bólu, zawrotach głowy lub duszności."
Odwodzenie biodra (leżąc),Hip Abduction,Bed-Exercises-for-Elderly.pdf,siła,łatwy,leżąca na plecach,łóżko,,,odwodziciele biodra,rozsuwanie nogi na bok,nie,tak,nie,nie,nie,rekonwalescencja; słabe biodra,,wzmocnienie bioder,niski,wysoki,niski,niski,niski,bardzo niska,Palce i kolano w sufit,"Przyjmij pozycję wyjściową: leżąca na plecach. Przygotuj sprzęt: łóżko. Następnie wykonuj ruch główny: rozsuwanie nogi na bok. Zwróć uwagę na bezpieczeństwo: Palce i kolano w sufit. Ruch wykonuj wolno, bez wstrzymywania oddechu; przerwij przy ostrym bólu, zawrotach głowy lub duszności."
Unoszenie prostej nogi,Straight Leg Raise,Bed-Exercises-for-Elderly.pdf,siła,łatwy,leżąca na plecach,łóżko,,,czworogłowy i biodra,unoszenie prostej nogi,nie,tak,nie,nie,nie,ból kolan; rekonwalescencja,,wzmocnienie nóg,niski,wysoki,niski,niski,niski,bardzo niska,15-20 cm ponad materac,"Przyjmij pozycję wyjściową: leżąca na plecach. Przygotuj sprzęt: łóżko. Następnie wykonuj ruch główny: unoszenie prostej nogi. Zwróć uwagę na bezpieczeństwo: 15-20 cm ponad materac. Ruch wykonuj wolno, bez wstrzymywania oddechu; przerwij przy ostrym bólu, zawrotach głowy lub duszności."
Mostek (łóżko),Bridge,Bed-Exercises-for-Elderly.pdf,siła,łatwy,leżąca na plecach,łóżko,,,pośladki i dolne plecy,mostek z unoszeniem bioder,nie,tak,nie,nie,nie,ból dolnych pleców; rekonwalescencja,,wzmocnienie pośladków,niski,wysoki,niski,niski,niski,bardzo niska,Brzuch napięty; kontrolowane ruchy,"Przyjmij pozycję wyjściową: leżąca na plecach. Przygotuj sprzęt: łóżko. Następnie wykonuj ruch główny: mostek z unoszeniem bioder. Zwróć uwagę na bezpieczeństwo: Brzuch napięty; kontrolowane ruchy. Ruch wykonuj wolno, bez wstrzymywania oddechu; przerwij przy ostrym bólu, zawrotach głowy lub duszności."
Rotacja lędźwi,Lower Trunk Rotation,Bed-Exercises-for-Elderly.pdf,elastyczność_plecy,łatwy,leżąca na plecach,łóżko,,,dolna część pleców i biodra,opadanie kolan na boki,nie,tak,nie,nie,nie,sztywność dolnych pleców,,rozluźnienie i ruchomość dolnych pleców,niski,niski,wysoki,niski,wysoki,bardzo niska,Plecy płasko przez cały czas,"Przyjmij pozycję wyjściową: leżąca na plecach. Przygotuj sprzęt: łóżko. Następnie wykonuj ruch główny: opadanie kolan na boki. Zwróć uwagę na bezpieczeństwo: Plecy płasko przez cały czas. Ruch wykonuj wolno, bez wstrzymywania oddechu; przerwij przy ostrym bólu, zawrotach głowy lub duszności."
Kolano do klatki piersiowej,Knee to Chest,Bed-Exercises-for-Elderly.pdf,elastyczność,łatwy,leżąca na plecach,łóżko,,,dolna część pleców i biodra,przyciąganie kolana do klatki,nie,tak,nie,nie,nie,ból dolnych pleców; sztywność,,rozciągnięcie dolnych pleców,niski,niski,wysoki,niski,niski,bardzo niska,Trzymać 20-30 sek; zmiana strony,"Przyjmij pozycję wyjściową: leżąca na plecach. Przygotuj sprzęt: łóżko. Następnie wykonuj ruch główny: przyciąganie kolana do klatki. Zwróć uwagę na bezpieczeństwo: Trzymać 20-30 sek; zmiana strony. Ruch wykonuj wolno, bez wstrzymywania oddechu; przerwij przy ostrym bólu, zawrotach głowy lub duszności."
Pompowanie kostek,Ankle Pumps,Bed-Exercises-for-Elderly.pdf,mobilność_krążenie,łatwy,leżąca na plecach,łóżko,,,kostki i stopy,zginanie i prostowanie stóp,nie,tak,nie,nie,nie,długotrwałe leżenie; zakrzepica (profilaktyka),,poprawa krążenia w kończynach,niski,niski,wysoki,niski,niski,bardzo niska,Proste ćwiczenie po operacji lub długim leżeniu,"Przyjmij pozycję wyjściową: leżąca na plecach. Przygotuj sprzęt: łóżko. Następnie wykonuj ruch główny: zginanie i prostowanie stóp. Zwróć uwagę na bezpieczeństwo: Proste ćwiczenie po operacji lub długim leżeniu. Ruch wykonuj wolno, bez wstrzymywania oddechu; przerwij przy ostrym bólu, zawrotach głowy lub duszności."
Unoszenie ramion nad głowę (leżąc),Overhead Shoulder Flexion,Bed-Exercises-for-Elderly.pdf,mobilność_ramiona,łatwy,leżąca na plecach,łóżko,,,ramiona i barki,unoszenie ramion nad głowę w leżeniu,nie,tak,nie,nie,nie,ograniczona mobilność ramion,,ruchomość barku,niski,niski,wysoki,niski,niski,bardzo niska,Łokcie proste; plecy płasko,"Przyjmij pozycję wyjściową: leżąca na plecach. Przygotuj sprzęt: łóżko. Następnie wykonuj ruch główny: unoszenie ramion nad głowę w leżeniu. Zwróć uwagę na bezpieczeństwo: Łokcie proste; plecy płasko. Ruch wykonuj wolno, bez wstrzymywania oddechu; przerwij przy ostrym bólu, zawrotach głowy lub duszności."
Rozciąganie nadgarstka,Wrist Stretch,Bed-Exercises-for-Elderly.pdf,elastyczność,łatwy,leżąca na plecach,łóżko,,,nadgarstki,zginanie dłoni ku przedramieniu,nie,tak,nie,nie,nie,zapalenie stawów; ból nadgarstka,,ruchomość nadgarstka,niski,niski,wysoki,niski,niski,bardzo niska,Trzymać 20-30 sek w każdą stronę,"Przyjmij pozycję wyjściową: leżąca na plecach. Przygotuj sprzęt: łóżko. Następnie wykonuj ruch główny: zginanie dłoni ku przedramieniu. Zwróć uwagę na bezpieczeństwo: Trzymać 20-30 sek w każdą stronę. Ruch wykonuj wolno, bez wstrzymywania oddechu; przerwij przy ostrym bólu, zawrotach głowy lub duszności."
Rozciąganie szyi,Neck Stretch,Bed-Exercises-for-Elderly.pdf,elastyczność,łatwy,leżąca na plecach,łóżko,,,szyja,skłon ucha do ramienia,nie,tak,nie,nie,nie,napięcie szyi; ból karku,,ruchomość szyi,niski,niski,wysoki,niski,niski,bardzo niska,Opcjonalnie lekki nacisk dłonią,"Przyjmij pozycję wyjściową: leżąca na plecach. Przygotuj sprzęt: łóżko. Następnie wykonuj ruch główny: skłon ucha do ramienia. Zwróć uwagę na bezpieczeństwo: Opcjonalnie lekki nacisk dłonią. Ruch wykonuj wolno, bez wstrzymywania oddechu; przerwij przy ostrym bólu, zawrotach głowy lub duszności."
Tylne pochylenie miednicy,Posterior Pelvic Tilt,Bed-Exercises-for-Elderly.pdf,postura_core,łatwy,leżąca na plecach,łóżko,,,dolne plecy i brzuch,naciskanie lędźwi w materac,nie,tak,nie,nie,nie,ból dolnych pleców; zła postura,,aktywacja mięśni głębokich brzucha,niski,wysoki,niski,niski,wysoki,bardzo niska,Podstawa wszystkich ćwiczeń core,"Przyjmij pozycję wyjściową: leżąca na plecach. Przygotuj sprzęt: łóżko. Następnie wykonuj ruch główny: naciskanie lędźwi w materac. Zwróć uwagę na bezpieczeństwo: Podstawa wszystkich ćwiczeń core. Ruch wykonuj wolno, bez wstrzymywania oddechu; przerwij przy ostrym bólu, zawrotach głowy lub duszności."
Marsz w leżeniu,Supine March,Bed-Exercises-for-Elderly.pdf,siła_core,łatwy,leżąca na plecach,łóżko,,,brzuch i biodra,naprzemienne unoszenie kolan,nie,tak,nie,nie,nie,słaby core; rekonwalescencja,,siła core i bioder,niski,wysoki,niski,niski,wysoki,bardzo niska,Brzuch napięty przed uniesieniem nogi,"Przyjmij pozycję wyjściową: leżąca na plecach. Przygotuj sprzęt: łóżko. Następnie wykonuj ruch główny: naprzemienne unoszenie kolan. Zwróć uwagę na bezpieczeństwo: Brzuch napięty przed uniesieniem nogi. Ruch wykonuj wolno, bez wstrzymywania oddechu; przerwij przy ostrym bólu, zawrotach głowy lub duszności."
Napięcie pośladków,Glute Set,Bed-Exercises-for-Elderly.pdf,siła,łatwy,leżąca na plecach,łóżko,,,pośladki,izometryczne napięcie pośladków,nie,tak,nie,nie,nie,rekonwalescencja; słabe pośladki,,aktywacja pośladków,niski,wysoki,niski,niski,niski,bardzo niska,Trzymać 5 sekund,"Przyjmij pozycję wyjściową: leżąca na plecach. Przygotuj sprzęt: łóżko. Następnie wykonuj ruch główny: izometryczne napięcie pośladków. Zwróć uwagę na bezpieczeństwo: Trzymać 5 sekund. Ruch wykonuj wolno, bez wstrzymywania oddechu; przerwij przy ostrym bólu, zawrotach głowy lub duszności."
Rozciąganie z taśmą,Band Pull Aparts,Bed-Exercises-for-Elderly.pdf,siła_postura,łatwy,leżąca na plecach,łóżko + taśma oporowa,,,górna część pleców i łopatki,rozciąganie taśmy w poziomie,nie,tak,nie,nie,nie,zła postura; ból górnych pleców,,wzmocnienie górnych pleców,niski,wysoki,niski,niski,wysoki,bardzo niska,Łopatki do siebie przy rozciąganiu,"Przyjmij pozycję wyjściową: leżąca na plecach. Przygotuj sprzęt: łóżko + taśma oporowa. Następnie wykonuj ruch główny: rozciąganie taśmy w poziomie. Zwróć uwagę na bezpieczeństwo: Łopatki do siebie przy rozciąganiu. Ruch wykonuj wolno, bez wstrzymywania oddechu; przerwij przy ostrym bólu, zawrotach głowy lub duszności."
Skośne unoszenie ramienia,Diagonal Shoulder Flexion,Bed-Exercises-for-Elderly.pdf,siła_mobilność,łatwy,leżąca lub stojąca,taśma oporowa,,,bark i ramię,skośne unoszenie ramienia po przekątnej,nie,tak,nie,nie,nie,problemy z barkiem; rekonwalescencja,,siła i ruchomość barku,niski,wysoki,wysoki,niski,niski,niska,Łokieć prosty przez ruch,"Przyjmij pozycję wyjściową: leżąca lub stojąca. Przygotuj sprzęt: taśma oporowa. Następnie wykonuj ruch główny: skośne unoszenie ramienia po przekątnej. Zwróć uwagę na bezpieczeństwo: Łokieć prosty przez ruch. Ruch wykonuj wolno, bez wstrzymywania oddechu; przerwij przy ostrym bólu, zawrotach głowy lub duszności."
Muszle,Clamshells,Bed-Exercises-for-Elderly.pdf,siła,łatwy,leżąca na boku,taśma oporowa,,,biodra zewnętrzne i pośladki,otwieranie kolan jak muszla,nie,tak,nie,nie,nie,ból bioder; słabe pośladki,,wzmocnienie bioder i pośladków,niski,wysoki,niski,niski,niski,bardzo niska,Stopy razem; biodra ułożone jedno na drugim,"Przyjmij pozycję wyjściową: leżąca na boku. Przygotuj sprzęt: taśma oporowa. Następnie wykonuj ruch główny: otwieranie kolan jak muszla. Zwróć uwagę na bezpieczeństwo: Stopy razem; biodra ułożone jedno na drugim. Ruch wykonuj wolno, bez wstrzymywania oddechu; przerwij przy ostrym bólu, zawrotach głowy lub duszności."
Postawa góry,Standing Straight: Mountain Pose,Posture-Exercises-for-Seniors.pdf,postura,łatwy,stojąca,brak,,,całe ciało,prawidłowa postawa w staniu,nie,nie,nie,tak,nie,zła postura; garb,,świadomość postawy i stabilizacja,niski,niski,niski,niski,wysoki,bardzo niska,Budować postawę od stóp w górę,"Przyjmij pozycję wyjściową: stojąca. Następnie wykonuj ruch główny: prawidłowa postawa w staniu. Zwróć uwagę na bezpieczeństwo: Budować postawę od stóp w górę. Ruch wykonuj wolno, bez wstrzymywania oddechu; przerwij przy ostrym bólu, zawrotach głowy lub duszności."
Siedzenie prosto (wyprost kręgosłupa),Sitting Straight: Spinal Extensions,Posture-Exercises-for-Seniors.pdf,postura,łatwy,siedząca,krzesło,10,,,wyprost kręgosłupa w siadzie,tak,nie,tak,nie,nie,zła postura przy siedzeniu,,prawidłowa postura przy siedzeniu,niski,niski,niski,niski,wysoki,bardzo niska,Koronę głowy ku sufitowi,"Przyjmij pozycję wyjściową: siedząca. Przygotuj sprzęt: krzesło. Następnie wykonuj ruch główny: wyprost kręgosłupa w siadzie. Wykonaj około 10 powtórzeń lub utrzymuj ruch zgodnie z opisem ćwiczenia. Zwróć uwagę na bezpieczeństwo: Koronę głowy ku sufitowi. Ruch wykonuj wolno, bez wstrzymywania oddechu; przerwij przy ostrym bólu, zawrotach głowy lub duszności."
Ściskanie łopatek (postura),Shoulder Squeezes,Posture-Exercises-for-Seniors.pdf,postura,łatwy,stojąca,brak,10-20 (1-2 serie),,,ściskanie łopatek do siebie,nie,nie,nie,tak,nie,garb; pochylenie do przodu,,poprawa postawy,niski,wysoki,niski,niski,wysoki,bardzo niska,Wyobrazić sobie ołówek między łopatkami,"Przyjmij pozycję wyjściową: stojąca. Następnie wykonuj ruch główny: ściskanie łopatek do siebie. Wykonaj około 10-20 (1-2 serie) powtórzeń lub utrzymuj ruch zgodnie z opisem ćwiczenia. Zwróć uwagę na bezpieczeństwo: Wyobrazić sobie ołówek między łopatkami. Ruch wykonuj wolno, bez wstrzymywania oddechu; przerwij przy ostrym bólu, zawrotach głowy lub duszności."
Unoszenie ramion w poziomie (postura),Arm Ups,Posture-Exercises-for-Seniors.pdf,postura_siła,łatwy,stojąca lub siedząca,brak,10 (1-2 serie),,ramiona i górna część pleców,unoszenie łokci do wysokości barków,nie,nie,tak,nie,nie,garb; ból górnych pleców,,poprawa postawy,niski,wysoki,niski,niski,wysoki,bardzo niska,Łopatki do siebie przy unoszeniu,"Przyjmij pozycję wyjściową: stojąca lub siedząca. Następnie wykonuj ruch główny: unoszenie łokci do wysokości barków. Wykonaj około 10 (1-2 serie) powtórzeń lub utrzymuj ruch zgodnie z opisem ćwiczenia. Zwróć uwagę na bezpieczeństwo: Łopatki do siebie przy unoszeniu. Ruch wykonuj wolno, bez wstrzymywania oddechu; przerwij przy ostrym bólu, zawrotach głowy lub duszności."
Ściąganie łopatkowe z brodą do klatki,Chin Tucks,Posture-Exercises-for-Seniors.pdf,postura,łatwy,stojąca lub siedząca,brak,,,szyja i górna część pleców,cofanie głowy poziomo,nie,nie,tak,nie,nie,forward head posture; ból karku,,korekcja ułożenia głowy,niski,niski,niski,niski,wysoki,bardzo niska,Wyobrazić sobie robienie podwójnego podbródka,"Przyjmij pozycję wyjściową: stojąca lub siedząca. Następnie wykonuj ruch główny: cofanie głowy poziomo. Zwróć uwagę na bezpieczeństwo: Wyobrazić sobie robienie podwójnego podbródka. Ruch wykonuj wolno, bez wstrzymywania oddechu; przerwij przy ostrym bólu, zawrotach głowy lub duszności."
Pochylenia przy ścianie,Wall Tilts,Posture-Exercises-for-Seniors.pdf,postura,łatwy,stojąca,ściana,10,,dolna część pleców,naprzemienne wygięcie i spłaszczenie pleców,nie,nie,nie,tak,nie,ból dolnych pleców; lordoza,,mobilizacja lędźwi,niski,niski,wysoki,niski,wysoki,niska,Barki i miednica przy ścianie przez cały czas,"Przyjmij pozycję wyjściową: stojąca. Przygotuj sprzęt: ściana. Następnie wykonuj ruch główny: naprzemienne wygięcie i spłaszczenie pleców. Wykonaj około 10 powtórzeń lub utrzymuj ruch zgodnie z opisem ćwiczenia. Zwróć uwagę na bezpieczeństwo: Barki i miednica przy ścianie przez cały czas. Ruch wykonuj wolno, bez wstrzymywania oddechu; przerwij przy ostrym bólu, zawrotach głowy lub duszności."
Ściskanie poduszki kolanami,Knee Pillow Squeeze,Posture-Exercises-for-Seniors.pdf,siła_postura,łatwy,siedząca,krzesło + poduszka lub piłka,,,uda wewnętrzne,ściskanie poduszki kolanami,tak,nie,tak,nie,nie,słabe przywodziciele; zła postura miednicy,,wzmocnienie przywodzicieli,niski,wysoki,niski,niski,wysoki,bardzo niska,Zatrzymać przy stałym napięciu – nie ściskać za mocno,"Przyjmij pozycję wyjściową: siedząca. Przygotuj sprzęt: krzesło + poduszka lub piłka. Następnie wykonuj ruch główny: ściskanie poduszki kolanami. Zwróć uwagę na bezpieczeństwo: Zatrzymać przy stałym napięciu – nie ściskać za mocno. Ruch wykonuj wolno, bez wstrzymywania oddechu; przerwij przy ostrym bólu, zawrotach głowy lub duszności."
Odpychanie opaską kolanami,Knee Band Push,Posture-Exercises-for-Seniors.pdf,siła,łatwy,siedząca,krzesło + opaska/pasek,,,biodra zewnętrzne,odpychanie kolan od opaski,tak,nie,tak,nie,nie,słabe odwodziciele,,wzmocnienie odwodzicieli,niski,wysoki,niski,niski,niski,bardzo niska,,"Przyjmij pozycję wyjściową: siedząca. Przygotuj sprzęt: krzesło + opaska/pasek. Następnie wykonuj ruch główny: odpychanie kolan od opaski. Ruch wykonuj wolno, bez wstrzymywania oddechu; przerwij przy ostrym bólu, zawrotach głowy lub duszności."
Pies myśliwski (lądowy),Bird Dogs,Posture-Exercises-for-Seniors.pdf,siła_postura,łatwy,klęcząca,brak,10 (1-2 serie),,plecy i pośladki,unoszenie przeciwległej ręki i nogi,nie,nie,nie,nie,tak,ból pleców; słaby core,,stabilizacja i siła kręgosłupa,niski,wysoki,niski,niski,wysoki,niska,Brzuch napięty; plecy poziomo,"Przyjmij pozycję wyjściową: klęcząca. Następnie wykonuj ruch główny: unoszenie przeciwległej ręki i nogi. Wykonaj około 10 (1-2 serie) powtórzeń lub utrzymuj ruch zgodnie z opisem ćwiczenia. Zwróć uwagę na bezpieczeństwo: Brzuch napięty; plecy poziomo. Ruch wykonuj wolno, bez wstrzymywania oddechu; przerwij przy ostrym bólu, zawrotach głowy lub duszności."
Rozluźnianie talii,Waist Loosening,Tai-Chi-Exercises-for-Seniors.pdf,mobilność_tai_chi,łatwy,stojąca,brak,do 2 minuty,,,rotacja bioder z luźnymi ramionami,nie,nie,nie,tak,nie,sztywność bioder i talii; rozgrzewka,,rozgrzewka bioder i kręgosłupa,niski,niski,wysoki,niski,niski,bardzo niska,Ruch ciągły i powtarzalny,"Przyjmij pozycję wyjściową: stojąca. Następnie wykonuj ruch główny: rotacja bioder z luźnymi ramionami. Wykonaj około do 2 minuty powtórzeń lub utrzymuj ruch zgodnie z opisem ćwiczenia. Zwróć uwagę na bezpieczeństwo: Ruch ciągły i powtarzalny. Ruch wykonuj wolno, bez wstrzymywania oddechu; przerwij przy ostrym bólu, zawrotach głowy lub duszności."
Skręty tułowia,Torso Twists,Tai-Chi-Exercises-for-Seniors.pdf,mobilność_tai_chi,łatwy,stojąca,brak,5-10 na stronę,,,skręt tułowia z dłońmi na biodrach,nie,nie,nie,tak,nie,sztywność kręgosłupa,,ruchomość rotacyjna,niski,niski,wysoki,niski,wysoki,niska,Biodra mogą się lekko ruszać; kolana nad kostkami,"Przyjmij pozycję wyjściową: stojąca. Następnie wykonuj ruch główny: skręt tułowia z dłońmi na biodrach. Wykonaj około 5-10 na stronę powtórzeń lub utrzymuj ruch zgodnie z opisem ćwiczenia. Zwróć uwagę na bezpieczeństwo: Biodra mogą się lekko ruszać; kolana nad kostkami. Ruch wykonuj wolno, bez wstrzymywania oddechu; przerwij przy ostrym bólu, zawrotach głowy lub duszności."
Rozgrzewka nóg,Leg Warm Up,Tai-Chi-Exercises-for-Seniors.pdf,mobilność_tai_chi,łatwy,stojąca,krzesło opcjonalnie,5-10,,,przenoszenie ciężaru z nogi na nogę,opcjonalnie,nie,nie,tak,nie,słaba równowaga; rozgrzewka,,wyczucie ciężaru i rozgrzewka nóg,niski,niski,niski,niski,niski,niska,Powolny kontrolowany ruch; cal po calu,"Przyjmij pozycję wyjściową: stojąca. Przygotuj sprzęt: krzesło opcjonalnie. Następnie wykonuj ruch główny: przenoszenie ciężaru z nogi na nogę. Wykonaj około 5-10 powtórzeń lub utrzymuj ruch zgodnie z opisem ćwiczenia. Zwróć uwagę na bezpieczeństwo: Powolny kontrolowany ruch; cal po calu. Ruch wykonuj wolno, bez wstrzymywania oddechu; przerwij przy ostrym bólu, zawrotach głowy lub duszności."
Dotknij nieba,Touch the Sky,Tai-Chi-Exercises-for-Seniors.pdf,mobilność_tai_chi,łatwy,stojąca lub siedząca,brak,5-10,,ramiona i barki,unoszenie rąk z wdechem,nie,nie,tak,nie,nie,ograniczona mobilność ramion,,ruchomość barku i ćwiczenie oddychania,niski,niski,wysoki,niski,niski,bardzo niska,Łokcie lekko ugięte; płynny ruch z oddechem,"Przyjmij pozycję wyjściową: stojąca lub siedząca. Następnie wykonuj ruch główny: unoszenie rąk z wdechem. Wykonaj około 5-10 powtórzeń lub utrzymuj ruch zgodnie z opisem ćwiczenia. Zwróć uwagę na bezpieczeństwo: Łokcie lekko ugięte; płynny ruch z oddechem. Ruch wykonuj wolno, bez wstrzymywania oddechu; przerwij przy ostrym bólu, zawrotach głowy lub duszności."
Poszerzanie klatki piersiowej,Broadening the Chest,Tai-Chi-Exercises-for-Seniors.pdf,mobilność_tai_chi,łatwy,stojąca lub siedząca,brak,5-10,,,otwieranie ramion jak do uścisku,nie,nie,tak,nie,nie,napięcie klatki; zła postura,,ruchomość barków i klatki,niski,niski,wysoki,niski,wysoki,bardzo niska,Ramiona rozluźnione,"Przyjmij pozycję wyjściową: stojąca lub siedząca. Następnie wykonuj ruch główny: otwieranie ramion jak do uścisku. Wykonaj około 5-10 powtórzeń lub utrzymuj ruch zgodnie z opisem ćwiczenia. Zwróć uwagę na bezpieczeństwo: Ramiona rozluźnione. Ruch wykonuj wolno, bez wstrzymywania oddechu; przerwij przy ostrym bólu, zawrotach głowy lub duszności."
Trzymanie piłki,Holding the Ball,Tai-Chi-Exercises-for-Seniors.pdf,mobilność_tai_chi,łatwy,siedząca lub stojąca,brak (lub piłka),5-10,,tułów i ramiona,"skręt z ""piłką"" zmieniający strony",nie,nie,tak,nie,nie,sztywność tułowia,,ruchomość rotacyjna i koordynacja,niski,niski,wysoki,niski,niski,niska,Śledzić piłkę wzrokiem,"Przyjmij pozycję wyjściową: siedząca lub stojąca. Przygotuj sprzęt: brak (lub piłka). Następnie wykonuj ruch główny: skręt z ""piłką"" zmieniający strony. Wykonaj około 5-10 powtórzeń lub utrzymuj ruch zgodnie z opisem ćwiczenia. Zwróć uwagę na bezpieczeństwo: Śledzić piłkę wzrokiem. Ruch wykonuj wolno, bez wstrzymywania oddechu; przerwij przy ostrym bólu, zawrotach głowy lub duszności."
Czerpanie z morza,Scooping from the Sea,Tai-Chi-Exercises-for-Seniors.pdf,mobilność_tai_chi,łatwy,siedząca,krzesło,5 razy na stronę,,,boczny skłon z unoszeniem rąk,tak,nie,tak,nie,nie,ograniczona mobilność; brak siły na stanie,,mobilność boczna tułowia,niski,niski,wysoki,niski,niski,niska,Wyobrazić sobie wyrzucanie wody morskiej za siebie,"Przyjmij pozycję wyjściową: siedząca. Przygotuj sprzęt: krzesło. Następnie wykonuj ruch główny: boczny skłon z unoszeniem rąk. Wykonaj około 5 razy na stronę powtórzeń lub utrzymuj ruch zgodnie z opisem ćwiczenia. Zwróć uwagę na bezpieczeństwo: Wyobrazić sobie wyrzucanie wody morskiej za siebie. Ruch wykonuj wolno, bez wstrzymywania oddechu; przerwij przy ostrym bólu, zawrotach głowy lub duszności."
Taniec z tęczą,Dancing with the Rainbow,Tai-Chi-Exercises-for-Seniors.pdf,mobilność_tai_chi,łatwy,stojąca,brak,5 na stronę,,,przenoszenie ciężaru z bocznym uniesieniem ręki,nie,nie,nie,tak,nie,zaburzenia równowagi; sztywność,,równowaga dynamiczna i mobilność,niski,niski,wysoki,niski,niski,niska,Waga na nodze podczas skłonu ramienia,"Przyjmij pozycję wyjściową: stojąca. Następnie wykonuj ruch główny: przenoszenie ciężaru z bocznym uniesieniem ręki. Wykonaj około 5 na stronę powtórzeń lub utrzymuj ruch zgodnie z opisem ćwiczenia. Zwróć uwagę na bezpieczeństwo: Waga na nodze podczas skłonu ramienia. Ruch wykonuj wolno, bez wstrzymywania oddechu; przerwij przy ostrym bólu, zawrotach głowy lub duszności."
Młyn,Windmill,Tai-Chi-Exercises-for-Seniors.pdf,mobilność_tai_chi,łatwy,stojąca,brak,5 na stronę,,,okrężne unoszenie ramion naprzemiennie,nie,nie,nie,tak,nie,sztywność barków i ramion,,ruchomość barków i koordynacja,niski,niski,wysoki,niski,niski,niska,Ruch ciągły w górę i w bok,"Przyjmij pozycję wyjściową: stojąca. Następnie wykonuj ruch główny: okrężne unoszenie ramion naprzemiennie. Wykonaj około 5 na stronę powtórzeń lub utrzymuj ruch zgodnie z opisem ćwiczenia. Zwróć uwagę na bezpieczeństwo: Ruch ciągły w górę i w bok. Ruch wykonuj wolno, bez wstrzymywania oddechu; przerwij przy ostrym bólu, zawrotach głowy lub duszności."
Strzelanie z łuku,Shooting the Bow,Tai-Chi-Exercises-for-Seniors.pdf,mobilność_tai_chi,łatwy,stojąca,brak,5-10 na stronę,,,"rotacja bioder z ""natężeniem łuku""",nie,nie,nie,tak,nie,sztywność,,koordynacja i mobilność rotacyjna,niski,niski,wysoki,niski,niski,niska,Kolana lekko ugięte; plecy zaokrąglone,"Przyjmij pozycję wyjściową: stojąca. Następnie wykonuj ruch główny: rotacja bioder z ""natężeniem łuku"". Wykonaj około 5-10 na stronę powtórzeń lub utrzymuj ruch zgodnie z opisem ćwiczenia. Zwróć uwagę na bezpieczeństwo: Kolana lekko ugięte; plecy zaokrąglone. Ruch wykonuj wolno, bez wstrzymywania oddechu; przerwij przy ostrym bólu, zawrotach głowy lub duszności."
Siad-stań z krzesła,Sit to Stand,NHS Fife Knee Osteoarthritis – Level 2; RACGP Knee strengthening exercises,siła_funkcjonalna,łatwy,siedząca na krześle,stabilne krzesło,10,,uda; pośladki,wstawanie z i siadanie na krzesło,tak,nie,tak,tak,tak,choroba zwyrodnieniowa stawu kolanowego; ból kolana,ostry ból lub znaczny obrzęk kolana; świeży uraz; brak zgody lekarza,wzmocnienie mięśnia czworogłowego i pośladków oraz poprawa funkcji wstawania z krzesła,średni,wysoki,niski,niski,średni,niska,Krzesło dosunąć do ściany; stopy pod kolanami; nie siadać gwałtownie; przerwać przy wyraźnym nasileniu bólu.,"Przyjmij pozycję wyjściową: siedząca na krześle. Przygotuj sprzęt: stabilne krzesło. Następnie wykonuj ruch główny: wstawanie z i siadanie na krzesło. Wykonaj około 10 powtórzeń lub utrzymuj ruch zgodnie z opisem ćwiczenia. Zwróć uwagę na bezpieczeństwo: Krzesło dosunąć do ściany; stopy pod kolanami; nie siadać gwałtownie; przerwać przy wyraźnym nasileniu bólu.. Ruch wykonuj wolno, bez wstrzymywania oddechu; przerwij przy ostrym bólu, zawrotach głowy lub duszności."
Mini przysiad przy oparciu,Mini Squat,Royal Orthopaedic Hospital – Exercises for Osteoarthritis of the Knee; Versus Arthritis – Knee squats,siła_funkcjonalna,łatwy,stojąca przy oparciu krzesła,krzesło lub blat,10,,uda; pośladki,ugięcie kolan do około 45 stopni z podparciem,tak,nie,nie,tak,tak,choroba zwyrodnieniowa stawu kolanowego; ból kolana,ostry ból lub znaczny obrzęk kolana; świeży uraz; brak zgody lekarza,wzmocnienie mięśni czworogłowych i pośladków w bezpiecznym zakresie zgięcia kolan,średni,wysoki,niski,niski,średni,niska,Kolana nie powinny wychodzić znacznie przed palce; zatrzymać ruch przy bólu powyżej umiarkowanego; zachować proste plecy.,"Przyjmij pozycję wyjściową: stojąca przy oparciu krzesła. Przygotuj sprzęt: krzesło lub blat. Następnie wykonuj ruch główny: ugięcie kolan do około 45 stopni z podparciem. Wykonaj około 10 powtórzeń lub utrzymuj ruch zgodnie z opisem ćwiczenia. Zwróć uwagę na bezpieczeństwo: Kolana nie powinny wychodzić znacznie przed palce; zatrzymać ruch przy bólu powyżej umiarkowanego; zachować proste plecy.. Ruch wykonuj wolno, bez wstrzymywania oddechu; przerwij przy ostrym bólu, zawrotach głowy lub duszności."
Unoszenie wyprostowanej nogi w leżeniu,Straight Leg Raise (lying),NHS Western Isles – Knee Osteoarthritis Information; Health Online – Exercises for Knee Osteoarthritis,siła,łatwy,leżąca na plecach,mata lub łóżko,10 na nogę,5,uda; biodra,unoszenie wyprostowanej nogi kilka cm nad podłoże,nie,tak,nie,nie,opcjonalnie,choroba zwyrodnieniowa stawu kolanowego; ból kolana,ostry ból biodra lub kolana; niestabilność stawu; brak zgody lekarza,wzmocnienie mięśnia czworogłowego bez obciążania osiowego stawu kolanowego,niski,wysoki,niski,niski,niski,niska,Nie unosić nogi powyżej komfortu; utrzymywać napięcie mięśni brzucha dla ochrony odcinka lędźwiowego.,"Przyjmij pozycję wyjściową: leżąca na plecach. Przygotuj sprzęt: mata lub łóżko. Następnie wykonuj ruch główny: unoszenie wyprostowanej nogi kilka cm nad podłoże. Wykonaj około 10 na nogę powtórzeń lub utrzymuj ruch zgodnie z opisem ćwiczenia. Jeżeli ćwiczenie jest czasowe, wykonuj je przez około 5 sekund. Zwróć uwagę na bezpieczeństwo: Nie unosić nogi powyżej komfortu; utrzymywać napięcie mięśni brzucha dla ochrony odcinka lędźwiowego.. Ruch wykonuj wolno, bez wstrzymywania oddechu; przerwij przy ostrym bólu, zawrotach głowy lub duszności."
Ślizgi pięty w siadzie,Knee Slides (seated heel slides),NHS Fife Knee Osteoarthritis; NHS Ayrshire Knee workbook,mobilność,łatwy,siedząca na krześle,ręcznik lub śliska podkładka pod stopą,10 na nogę,,kolana,ugięcie i wyprost kolana przez przesuwanie stopy,tak,opcjonalnie,tak,nie,tak,choroba zwyrodnieniowa stawu kolanowego; ból kolana; po operacjach kolana,ostry ból; blokowanie stawu; brak zgody lekarza,utrzymanie i poprawa zakresu zgięcia i wyprostu kolana,niski,niski,wysoki,niski,niski,bardzo niska,Ruch wykonywać powoli w bezpiecznym zakresie; zatrzymać przy ostrym bólu lub uczuciu zablokowania stawu.,"Przyjmij pozycję wyjściową: siedząca na krześle. Przygotuj sprzęt: ręcznik lub śliska podkładka pod stopą. Następnie wykonuj ruch główny: ugięcie i wyprost kolana przez przesuwanie stopy. Wykonaj około 10 na nogę powtórzeń lub utrzymuj ruch zgodnie z opisem ćwiczenia. Zwróć uwagę na bezpieczeństwo: Ruch wykonywać powoli w bezpiecznym zakresie; zatrzymać przy ostrym bólu lub uczuciu zablokowania stawu.. Ruch wykonuj wolno, bez wstrzymywania oddechu; przerwij przy ostrym bólu, zawrotach głowy lub duszności."
Zginanie biodra w leżeniu,Hip Flexion (supine),Hip Osteoarthritis Information – NHS Western Isles; ROH Hip OA exercises,mobilność,łatwy,leżąca na plecach,mata lub łóżko,10 na nogę,,biodra; kolana,zginanie i prostowanie biodra poprzez przesuwanie stopy po podłożu,nie,tak,nie,nie,opcjonalnie,choroba zwyrodnieniowa stawu biodrowego; ból biodra,ostry ból biodra; świeży uraz; brak zgody lekarza,utrzymanie i poprawa zakresu zgięcia biodra,niski,niski,wysoki,niski,niski,bardzo niska,Ruch wykonywać powoli w bezpiecznym zakresie bez gwałtownego bólu.,"Przyjmij pozycję wyjściową: leżąca na plecach. Przygotuj sprzęt: mata lub łóżko. Następnie wykonuj ruch główny: zginanie i prostowanie biodra poprzez przesuwanie stopy po podłożu. Wykonaj około 10 na nogę powtórzeń lub utrzymuj ruch zgodnie z opisem ćwiczenia. Zwróć uwagę na bezpieczeństwo: Ruch wykonywać powoli w bezpiecznym zakresie bez gwałtownego bólu.. Ruch wykonuj wolno, bez wstrzymywania oddechu; przerwij przy ostrym bólu, zawrotach głowy lub duszności."
Odwodzenie biodra w leżeniu,Hip Abduction (supine),Hip Osteoarthritis Information – NHS Western Isles,mobilność,łatwy,leżąca na plecach,mata lub łóżko,10 na nogę,,biodra,przesuwanie wyprostowanej nogi w bok i z powrotem,nie,tak,nie,nie,opcjonalnie,choroba zwyrodnieniowa stawu biodrowego; ból biodra,ostry ból biodra; niestabilność stawu; brak zgody lekarza,utrzymanie i poprawa zakresu odwiedzenia biodra,niski,niski,wysoki,niski,niski,bardzo niska,Noga powinna ślizgać się po podłożu; nie wymuszać ruchu przy dużym bólu.,"Przyjmij pozycję wyjściową: leżąca na plecach. Przygotuj sprzęt: mata lub łóżko. Następnie wykonuj ruch główny: przesuwanie wyprostowanej nogi w bok i z powrotem. Wykonaj około 10 na nogę powtórzeń lub utrzymuj ruch zgodnie z opisem ćwiczenia. Zwróć uwagę na bezpieczeństwo: Noga powinna ślizgać się po podłożu; nie wymuszać ruchu przy dużym bólu.. Ruch wykonuj wolno, bez wstrzymywania oddechu; przerwij przy ostrym bólu, zawrotach głowy lub duszności."
Most biodrowy dla biodra,Bridge for Hip OA,Exercises for Osteoarthritis of the Hip – ROH; Hip OA leaflets,siła_postura,łatwy,leżąca na plecach z ugiętymi kolanami,mata lub łóżko,10-15,,pośladki; biodra; dolne plecy,unoszenie miednicy do linii z tułowiem,nie,tak,nie,nie,opcjonalnie,choroba zwyrodnieniowa stawu biodrowego; ból biodra,ostry ból dolnego odcinka kręgosłupa; niestabilność kręgosłupa; brak zgody lekarza,wzmocnienie pośladków i mięśni wokół biodra w celu odciążenia stawu,niski,wysoki,średni,niski,wysoki,niska,Nie wyginać nadmiernie lędźwi; ruch wykonywać powoli z napiętym brzuchem.,"Przyjmij pozycję wyjściową: leżąca na plecach z ugiętymi kolanami. Przygotuj sprzęt: mata lub łóżko. Następnie wykonuj ruch główny: unoszenie miednicy do linii z tułowiem. Wykonaj około 10-15 powtórzeń lub utrzymuj ruch zgodnie z opisem ćwiczenia. Zwróć uwagę na bezpieczeństwo: Nie wyginać nadmiernie lędźwi; ruch wykonywać powoli z napiętym brzuchem.. Ruch wykonuj wolno, bez wstrzymywania oddechu; przerwij przy ostrym bólu, zawrotach głowy lub duszności."
Aktywne zginanie biodra w staniu,Active Hip Flexion (standing),Exercises for Osteoarthritis of the Hip – ROH; Versus Arthritis hip pain booklet,siła_funkcjonalna,łatwy,stojąca przy oparciu krzesła,krzesło lub blat,10 na nogę,,biodra; uda,unoszenie kolana w górę jak marsz w miejscu,tak,nie,nie,tak,tak,choroba zwyrodnieniowa stawu biodrowego; ból biodra,ostry ból biodra; duże zaburzenia równowagi; brak zgody lekarza,poprawa siły zginaczy biodra i funkcji chodu,średni,średni,niski,niski,średni,niska,Utrzymywać wyprostowaną sylwetkę; trzymać się stabilnego podparcia.,"Przyjmij pozycję wyjściową: stojąca przy oparciu krzesła. Przygotuj sprzęt: krzesło lub blat. Następnie wykonuj ruch główny: unoszenie kolana w górę jak marsz w miejscu. Wykonaj około 10 na nogę powtórzeń lub utrzymuj ruch zgodnie z opisem ćwiczenia. Zwróć uwagę na bezpieczeństwo: Utrzymywać wyprostowaną sylwetkę; trzymać się stabilnego podparcia.. Ruch wykonuj wolno, bez wstrzymywania oddechu; przerwij przy ostrym bólu, zawrotach głowy lub duszności."
Aktywne odwodzenie biodra w staniu,Active Hip Abduction (standing),Exercises for Osteoarthritis of the Hip – ROH; Hip pain exercise booklet,siła_równowaga,łatwy,stojąca przy oparciu krzesła,krzesło lub blat,10 na nogę,,biodra; uda,unoszenie nogi bokiem bez pochylania tułowia,tak,nie,nie,tak,tak,choroba zwyrodnieniowa stawu biodrowego; ból biodra,ostry ból biodra; znaczne zaburzenia równowagi; brak zgody lekarza,wzmocnienie odwodzicieli biodra i poprawa stabilności miednicy,średni,średni,niski,niski,średni,niska,Tułów pozostaje pionowo; nie odchylać się na bok; używać podparcia.,"Przyjmij pozycję wyjściową: stojąca przy oparciu krzesła. Przygotuj sprzęt: krzesło lub blat. Następnie wykonuj ruch główny: unoszenie nogi bokiem bez pochylania tułowia. Wykonaj około 10 na nogę powtórzeń lub utrzymuj ruch zgodnie z opisem ćwiczenia. Zwróć uwagę na bezpieczeństwo: Tułów pozostaje pionowo; nie odchylać się na bok; używać podparcia.. Ruch wykonuj wolno, bez wstrzymywania oddechu; przerwij przy ostrym bólu, zawrotach głowy lub duszności."
Ściskanie poduszki między kolanami,Hip Adductor Squeeze,Hip pain exercise information booklet – Versus Arthritis,siła,łatwy,leżąca lub siedząca,poduszka lub miękki klocek,10 powtórzeń po 5 sekund,,biodra; uda,docisk kolan do poduszki z utrzymaniem napięcia,tak,tak,tak,opcjonalnie,nie,choroba zwyrodnieniowa stawu biodrowego; ból biodra,ostry ból pachwiny; świeży uraz przywodzicieli; brak zgody lekarza,wzmocnienie przywodzicieli biodra i poprawa stabilizacji miednicy,niski,średni,niski,niski,niski,bardzo niska,Nie dociskać z pełną siłą; napięcie ma być umiarkowane i bezbolesne.,"Przyjmij pozycję wyjściową: leżąca lub siedząca. Przygotuj sprzęt: poduszka lub miękki klocek. Następnie wykonuj ruch główny: docisk kolan do poduszki z utrzymaniem napięcia. Wykonaj około 10 powtórzeń po 5 sekund powtórzeń lub utrzymuj ruch zgodnie z opisem ćwiczenia. Zwróć uwagę na bezpieczeństwo: Nie dociskać z pełną siłą; napięcie ma być umiarkowane i bezbolesne.. Ruch wykonuj wolno, bez wstrzymywania oddechu; przerwij przy ostrym bólu, zawrotach głowy lub duszności."
Rozciąganie zginaczy biodra w wykroku,Hip Flexor Stretch (lunge),Hip Osteoarthritis exercises – ROH; Versus Arthritis hip pain booklet,rozciąganie,średni,stojąca w wykroku,krzesło lub blat do podparcia,5 na stronę,20-30,biodra; przód uda,pochylenie miednicy do przodu w wykroku do uczucia rozciągania z przodu biodra tylnej nogi,opcjonalnie,nie,nie,tak,tak,choroba zwyrodnieniowa stawu biodrowego; przykurcze zginaczy,znaczne zaburzenia równowagi; silny ból biodra; brak zgody lekarza,rozciągnięcie zginaczy biodra i poprawa wyprostu w stawie,średni,niski,wysoki,niski,średni,bardzo niska,Utrzymywać wyprostowany tułów; nie wychodzić kolanem znacznie przed stopę; rozciąganie bez gwałtownego bólu.,"Przyjmij pozycję wyjściową: stojąca w wykroku. Przygotuj sprzęt: krzesło lub blat do podparcia. Następnie wykonuj ruch główny: pochylenie miednicy do przodu w wykroku do uczucia rozciągania z przodu biodra tylnej nogi. Wykonaj około 5 na stronę powtórzeń lub utrzymuj ruch zgodnie z opisem ćwiczenia. Jeżeli ćwiczenie jest czasowe, wykonuj je przez około 20-30 sekund. Zwróć uwagę na bezpieczeństwo: Utrzymywać wyprostowany tułów; nie wychodzić kolanem znacznie przed stopę; rozciąganie bez gwałtownego bólu.. Ruch wykonuj wolno, bez wstrzymywania oddechu; przerwij przy ostrym bólu, zawrotach głowy lub duszności."
Rozciąganie tyłu uda w staniu,Hamstring Stretch (standing on step),Exercises for Osteoarthritis of the Hip – ROH; Hip OA information,rozciąganie,łatwy,stojąca z jedną stopą na stopniu,niski stopień lub schodek,5 na nogę,20-30,tylna strona uda,pochylenie tułowia do przodu nad wyprostowaną nogą,opcjonalnie,nie,opcjonalnie,tak,tak,choroba zwyrodnieniowa stawu biodrowego; ból biodra; przykurcz mięśni kulszowo-goleniowych,ostre zawroty głowy; ciężkie zaburzenia równowagi; ostry ból tylnej strony uda; brak zgody lekarza,rozciągnięcie mięśni kulszowo-goleniowych i odciążenie biodra,średni,niski,wysoki,niski,średni,bardzo niska,Rozciąganie statyczne bez sprężynowania; utrzymywać proste plecy.,"Przyjmij pozycję wyjściową: stojąca z jedną stopą na stopniu. Przygotuj sprzęt: niski stopień lub schodek. Następnie wykonuj ruch główny: pochylenie tułowia do przodu nad wyprostowaną nogą. Wykonaj około 5 na nogę powtórzeń lub utrzymuj ruch zgodnie z opisem ćwiczenia. Jeżeli ćwiczenie jest czasowe, wykonuj je przez około 20-30 sekund. Zwróć uwagę na bezpieczeństwo: Rozciąganie statyczne bez sprężynowania; utrzymywać proste plecy.. Ruch wykonuj wolno, bez wstrzymywania oddechu; przerwij przy ostrym bólu, zawrotach głowy lub duszności."
Muszla biodrowa (clam) w leżeniu na boku,Side-lying Clam,Exercises for Osteoarthritis of the Hip – ROH; hip strengthening leaflets,siła,łatwy,leżąca na boku z ugiętymi kolanami,mata lub łóżko,10-15 na stronę,,biodra; pośladki,unoszenie górnego kolana przy złączonych stopach,nie,tak,nie,nie,opcjonalnie,choroba zwyrodnieniowa stawu biodrowego; ból biodra,ostry ból biodra; brak możliwości leżenia na boku; brak zgody lekarza,wzmocnienie pośladków średnich i stabilizacja miednicy,niski,średni,niski,niski,średni,niska,Unikać kołysania miednicą; ruch ma być krótki i kontrolowany.,"Przyjmij pozycję wyjściową: leżąca na boku z ugiętymi kolanami. Przygotuj sprzęt: mata lub łóżko. Następnie wykonuj ruch główny: unoszenie górnego kolana przy złączonych stopach. Wykonaj około 10-15 na stronę powtórzeń lub utrzymuj ruch zgodnie z opisem ćwiczenia. Zwróć uwagę na bezpieczeństwo: Unikać kołysania miednicą; ruch ma być krótki i kontrolowany.. Ruch wykonuj wolno, bez wstrzymywania oddechu; przerwij przy ostrym bólu, zawrotach głowy lub duszności."
Odwodzenie biodra w leżeniu bokiem,Hip Abduction in Side Lying,ROH Hip OA exercises; hip strengthening programmes,siła,średni,leżąca na boku,mata lub łóżko,10 na stronę,,biodra; uda,unoszenie wyprostowanej górnej nogi w górę i powrót,nie,tak,nie,nie,opcjonalnie,choroba zwyrodnieniowa stawu biodrowego; osłabienie odwodzicieli biodra,ostry ból biodra; brak zgody lekarza,wzmocnienie odwodzicieli biodra dla poprawy chodu i stabilności,niski,wysoki,niski,niski,średni,niska,Stopa zgięta; ruch prowadzi pięta; nie unosić nogi zbyt wysoko.,"Przyjmij pozycję wyjściową: leżąca na boku. Przygotuj sprzęt: mata lub łóżko. Następnie wykonuj ruch główny: unoszenie wyprostowanej górnej nogi w górę i powrót. Wykonaj około 10 na stronę powtórzeń lub utrzymuj ruch zgodnie z opisem ćwiczenia. Zwróć uwagę na bezpieczeństwo: Stopa zgięta; ruch prowadzi pięta; nie unosić nogi zbyt wysoko.. Ruch wykonuj wolno, bez wstrzymywania oddechu; przerwij przy ostrym bólu, zawrotach głowy lub duszności."
Przetaczanie kolan (knee rolls),Knee Rolling,Low back pain – Royal Berkshire Hospital; Oxford University Hospitals LBP leaflet,mobilność,łatwy,leżąca na plecach z ugiętymi kolanami,mata lub łóżko,10-20,,lędźwie; biodra,delikatne opuszczanie kolan na boki z powrotem do środka,nie,tak,nie,nie,opcjonalnie,ból dolnego odcinka kręgosłupa bez objawów alarmowych,ostry ból z promieniowaniem do nóg; objawy neurologiczne; brak zgody lekarza,łagodne rozruszanie odcinka lędźwiowego i miednicy,niski,niski,wysoki,niski,niski,bardzo niska,Ruch w małym zakresie na początku; zatrzymać przy nasileniu bólu lub drętwieniu.,"Przyjmij pozycję wyjściową: leżąca na plecach z ugiętymi kolanami. Przygotuj sprzęt: mata lub łóżko. Następnie wykonuj ruch główny: delikatne opuszczanie kolan na boki z powrotem do środka. Wykonaj około 10-20 powtórzeń lub utrzymuj ruch zgodnie z opisem ćwiczenia. Zwróć uwagę na bezpieczeństwo: Ruch w małym zakresie na początku; zatrzymać przy nasileniu bólu lub drętwieniu.. Ruch wykonuj wolno, bez wstrzymywania oddechu; przerwij przy ostrym bólu, zawrotach głowy lub duszności."
Wyprosty lędźwi na przedramionach,Lumbar Extensions on Forearms,Low Back Pain Exercises Level 2 – WWL NHS,mobilność,łatwy,leżąca na brzuchu,poduszka pod brzuch opcjonalnie,10,,lędźwie,uniesienie klatki piersiowej na przedramionach z rozluźnioną miednicą,nie,tak,nie,nie,opcjonalnie,ból dolnego odcinka kręgosłupa bez objawów alarmowych,ostre objawy ucisku korzeni; brak zgody lekarza,odtworzenie wyprostu w odcinku lędźwiowym i zmniejszenie sztywności,niski,niski,średni,niski,średni,niska,Unikać bólu promieniującego do nóg; oddychać swobodnie; nie napinać karku.,"Przyjmij pozycję wyjściową: leżąca na brzuchu. Przygotuj sprzęt: poduszka pod brzuch opcjonalnie. Następnie wykonuj ruch główny: uniesienie klatki piersiowej na przedramionach z rozluźnioną miednicą. Wykonaj około 10 powtórzeń lub utrzymuj ruch zgodnie z opisem ćwiczenia. Zwróć uwagę na bezpieczeństwo: Unikać bólu promieniującego do nóg; oddychać swobodnie; nie napinać karku.. Ruch wykonuj wolno, bez wstrzymywania oddechu; przerwij przy ostrym bólu, zawrotach głowy lub duszności."
Most lędźwiowy,Double Leg Bridge,Lower-back strengthening exercises – patient advice sheet; LBP level 2,siła_postura,łatwy,leżąca na plecach z ugiętymi kolanami,mata lub łóżko,10-15,,pośladki; lędźwie,unoszenie miednicy z utrzymaniem neutralnego kręgosłupa,nie,tak,nie,nie,opcjonalnie,ból dolnego odcinka kręgosłupa; osłabienie pośladków,ostry ból przy każdym ruchu; niestabilność kręgosłupa; brak zgody lekarza,wzmocnienie pośladków i stabilizacja lędźwi,niski,wysoki,średni,niski,wysoki,niska,Nie wyginać nadmiernie lędźwi; aktywować mięśnie brzucha.,"Przyjmij pozycję wyjściową: leżąca na plecach z ugiętymi kolanami. Przygotuj sprzęt: mata lub łóżko. Następnie wykonuj ruch główny: unoszenie miednicy z utrzymaniem neutralnego kręgosłupa. Wykonaj około 10-15 powtórzeń lub utrzymuj ruch zgodnie z opisem ćwiczenia. Zwróć uwagę na bezpieczeństwo: Nie wyginać nadmiernie lędźwi; aktywować mięśnie brzucha.. Ruch wykonuj wolno, bez wstrzymywania oddechu; przerwij przy ostrym bólu, zawrotach głowy lub duszności."
Rozciąganie w kocim-grzbiecie,Cat-Camel,Low back pain exercise leaflets (NHS trusts),mobilność,łatwy,klęcząca podparta,karimata lub mata,10-15,,lędźwie; piersiowy,naprzemienne zaokrąglanie i prostowanie kręgosłupa w podporze,nie,nie,nie,nie,tak,ból dolnego odcinka kręgosłupa bez objawów alarmowych,ostry ból kolan uniemożliwiający klęk; brak zgody lekarza,ogólne rozluźnienie i poprawa ruchomości kręgosłupa,niski,niski,wysoki,niski,niski,niska,Ruch płynny; nie wykonywać gwałtownych przeskoków; unikać pozycji wyraźnie nasilających ból.,"Przyjmij pozycję wyjściową: klęcząca podparta. Przygotuj sprzęt: karimata lub mata. Następnie wykonuj ruch główny: naprzemienne zaokrąglanie i prostowanie kręgosłupa w podporze. Wykonaj około 10-15 powtórzeń lub utrzymuj ruch zgodnie z opisem ćwiczenia. Zwróć uwagę na bezpieczeństwo: Ruch płynny; nie wykonywać gwałtownych przeskoków; unikać pozycji wyraźnie nasilających ból.. Ruch wykonuj wolno, bez wstrzymywania oddechu; przerwij przy ostrym bólu, zawrotach głowy lub duszności."
Przyciąganie kolana do klatki piersiowej w leżeniu,Knee to Chest Stretch,Low back pain – Oxford University Hospitals; Royal Berkshire LBP leaflet,rozciąganie,łatwy,leżąca na plecach z ugiętymi kolanami,mata lub łóżko,5-10 na nogę,10-20,lędźwie; pośladki,przyciąganie jednego kolana w kierunku klatki piersiowej,nie,tak,nie,nie,opcjonalnie,ból dolnego odcinka kręgosłupa; napięte pośladki,ostry ból biodra; brak zgody lekarza,rozciągnięcie mięśni pośladkowych i rozluźnienie lędźwi,niski,niski,wysoki,niski,niski,bardzo niska,Nie odrywać przeciwnej nogi całkowicie od podłoża; rozciąganie bez bólu ostrego.,"Przyjmij pozycję wyjściową: leżąca na plecach z ugiętymi kolanami. Przygotuj sprzęt: mata lub łóżko. Następnie wykonuj ruch główny: przyciąganie jednego kolana w kierunku klatki piersiowej. Wykonaj około 5-10 na nogę powtórzeń lub utrzymuj ruch zgodnie z opisem ćwiczenia. Jeżeli ćwiczenie jest czasowe, wykonuj je przez około 10-20 sekund. Zwróć uwagę na bezpieczeństwo: Nie odrywać przeciwnej nogi całkowicie od podłoża; rozciąganie bez bólu ostrego.. Ruch wykonuj wolno, bez wstrzymywania oddechu; przerwij przy ostrym bólu, zawrotach głowy lub duszności."
Przysiad przy ścianie z piłką,Wall Squat with Ball,Lower-back strengthening exercises – patient advice sheet; LBP strengthening programmes,siła_postura,średni,stojąca plecami do ściany,duża piłka gimnastyczna,8-12,,uda; pośladki; lędźwie,ugięcie kolan z rolowaniem piłki po ścianie,opcjonalnie,nie,nie,tak,tak,ból dolnego odcinka kręgosłupa; osłabienie kończyn dolnych,ostry ból kolan; niestabilność kolan; brak zgody lekarza,wzmocnienie nóg i stabilizacja tułowia przy kontrolowanym zgięciu,średni,wysoki,niski,niski,średni,średni,Kolana nie przekraczają linii palców; utrzymywać napięty brzuch i neutralny kręgosłup.,"Przyjmij pozycję wyjściową: stojąca plecami do ściany. Przygotuj sprzęt: duża piłka gimnastyczna. Następnie wykonuj ruch główny: ugięcie kolan z rolowaniem piłki po ścianie. Wykonaj około 8-12 powtórzeń lub utrzymuj ruch zgodnie z opisem ćwiczenia. Zwróć uwagę na bezpieczeństwo: Kolana nie przekraczają linii palców; utrzymywać napięty brzuch i neutralny kręgosłup.. Ruch wykonuj wolno, bez wstrzymywania oddechu; przerwij przy ostrym bólu, zawrotach głowy lub duszności."
Ptak-pies (bird dog) dla lędźwi,Bird Dog for Low Back Pain,LBP rehabilitation protocols; spine stability programmes,siła_postura,średni,klęcząca podparta,karimata lub mata,10 na stronę,,lędźwie; pośladki; obręcz barkowa,unoszenie przeciwległej ręki i nogi z utrzymaniem stabilnego tułowia,nie,nie,nie,nie,tak,ból dolnego odcinka kręgosłupa; słaby core,ostry ból przy każdym ruchu; brak zgody lekarza,stabilizacja tułowia i wzmocnienie mięśni przykręgosłupowych,średni,wysoki,niski,niski,wysoki,średni,Brzuch napięty; kręgosłup w linii prostej; nie unosić kończyn zbyt wysoko.,"Przyjmij pozycję wyjściową: klęcząca podparta. Przygotuj sprzęt: karimata lub mata. Następnie wykonuj ruch główny: unoszenie przeciwległej ręki i nogi z utrzymaniem stabilnego tułowia. Wykonaj około 10 na stronę powtórzeń lub utrzymuj ruch zgodnie z opisem ćwiczenia. Zwróć uwagę na bezpieczeństwo: Brzuch napięty; kręgosłup w linii prostej; nie unosić kończyn zbyt wysoko.. Ruch wykonuj wolno, bez wstrzymywania oddechu; przerwij przy ostrym bólu, zawrotach głowy lub duszności."
Chód w miejscu z unoszeniem kolan,Marching on the Spot (LBP friendly),LBP advice sheets – wbudowane programy aktywności,siła_kardio,łatwy,stojąca,brak,30-60 sekund,,biodra; lędźwie; kończyny dolne,chodzenie w miejscu z umiarkowanym unoszeniem kolan,opcjonalnie,nie,nie,tak,tak,ból dolnego odcinka kręgosłupa bez objawów alarmowych,ciężka niewydolność krążeniowo-oddechowa; duże ryzyko upadku; brak zgody lekarza,łagodna poprawa wydolności i mobilności odcinka lędźwiowego,średni,średni,niski,średni,średni,niska,Zaczynać od krótkich interwałów; zapewnić ewentualne podparcie dla równowagi.,"Przyjmij pozycję wyjściową: stojąca. Następnie wykonuj ruch główny: chodzenie w miejscu z umiarkowanym unoszeniem kolan. Wykonaj około 30-60 sekund powtórzeń lub utrzymuj ruch zgodnie z opisem ćwiczenia. Zwróć uwagę na bezpieczeństwo: Zaczynać od krótkich interwałów; zapewnić ewentualne podparcie dla równowagi.. Ruch wykonuj wolno, bez wstrzymywania oddechu; przerwij przy ostrym bólu, zawrotach głowy lub duszności."
Wahadło barkowe bok-bok,Shoulder Pendulum Side-to-Side,Basic shoulder exercises – Leicestershire NHS; Arthritis UK shoulder leaflet,mobilność_bark,łatwy,stojąca pochylona w podporze,stół lub oparcie krzesła,30-60 sekund,,bark; obręcz barkowa,luźne kołysanie zwieszonej ręki na boki,opcjonalnie,nie,nie,tak,tak,ból barku; sztywność barku,ostry uraz barku; brak zgody lekarza,rozluźnienie mięśni barku i poprawa ruchomości w płaszczyźnie czołowej,niski,niski,średni,niski,niski,bardzo niska,Unikać aktywnego napinania barku; zakres powinien być bezbolesny lub z lekkim dyskomfortem.,"Przyjmij pozycję wyjściową: stojąca pochylona w podporze. Przygotuj sprzęt: stół lub oparcie krzesła. Następnie wykonuj ruch główny: luźne kołysanie zwieszonej ręki na boki. Wykonaj około 30-60 sekund powtórzeń lub utrzymuj ruch zgodnie z opisem ćwiczenia. Zwróć uwagę na bezpieczeństwo: Unikać aktywnego napinania barku; zakres powinien być bezbolesny lub z lekkim dyskomfortem.. Ruch wykonuj wolno, bez wstrzymywania oddechu; przerwij przy ostrym bólu, zawrotach głowy lub duszności."
Krążenia wahadłowe barku,Pendulum Circles,Shoulder range of motion exercises – Patient advice sheet; Arthritis UK shoulder pain,mobilność_bark,łatwy,stojąca pochylona w podporze,stół lub oparcie krzesła,60 sekund,,bark,okrężne ruchy zwieszonej ręki w obu kierunkach,opcjonalnie,nie,nie,tak,tak,ból barku; zamrożony bark,ostry ból barku w spoczynku; brak zgody lekarza,poprawa ogólnej ruchomości stawu barkowego jako rozgrzewka,niski,niski,wysoki,niski,niski,bardzo niska,Małe i kontrolowane krążenia; nie ciągnąć ramienia ręką zdrową.,"Przyjmij pozycję wyjściową: stojąca pochylona w podporze. Przygotuj sprzęt: stół lub oparcie krzesła. Następnie wykonuj ruch główny: okrężne ruchy zwieszonej ręki w obu kierunkach. Wykonaj około 60 sekund powtórzeń lub utrzymuj ruch zgodnie z opisem ćwiczenia. Zwróć uwagę na bezpieczeństwo: Małe i kontrolowane krążenia; nie ciągnąć ramienia ręką zdrową.. Ruch wykonuj wolno, bez wstrzymywania oddechu; przerwij przy ostrym bólu, zawrotach głowy lub duszności."
Aktywny wspomagany wyprost barku w leżeniu,Active Assisted Shoulder Flexion (supine),Shoulder range of motion exercises – Patient advice sheet,mobilność_bark,łatwy,leżąca na plecach,kij; laska lub miotła,10,,bark,unoszenie ramion nad głowę z pomocą drugiej ręki,nie,tak,nie,nie,opcjonalnie,ból barku; sztywność po unieruchomieniu,świeży uraz barku; brak zgody lekarza,odzyskanie zakresu zgięcia barku przy minimalnym obciążeniu,niski,niski,średni,niski,niski,bardzo niska,Ruch zgodnie z tolerancją bólu; nie wymuszać pełnego zakresu na początku.,"Przyjmij pozycję wyjściową: leżąca na plecach. Przygotuj sprzęt: kij; laska lub miotła. Następnie wykonuj ruch główny: unoszenie ramion nad głowę z pomocą drugiej ręki. Wykonaj około 10 powtórzeń lub utrzymuj ruch zgodnie z opisem ćwiczenia. Zwróć uwagę na bezpieczeństwo: Ruch zgodnie z tolerancją bólu; nie wymuszać pełnego zakresu na początku.. Ruch wykonuj wolno, bez wstrzymywania oddechu; przerwij przy ostrym bólu, zawrotach głowy lub duszności."
Aktywny wspomagany wyprost barku przy ścianie,Active Assisted Shoulder Flexion (wall finger walk),Basic shoulder exercises – Leicestershire NHS,mobilność_bark,łatwy,stojąca przodem do ściany,ściana,10,,bark,wspinanie się palcami po ścianie w górę i w dół,opcjonalnie,nie,nie,tak,tak,ból barku; sztywność barku,ostry ból barku; brak zgody lekarza,stopniowe zwiększanie zakresu zgięcia w barku,niski,niski,średni,niski,niski,bardzo niska,Stać blisko ściany; unikać przeginania odcinka lędźwiowego.,"Przyjmij pozycję wyjściową: stojąca przodem do ściany. Przygotuj sprzęt: ściana. Następnie wykonuj ruch główny: wspinanie się palcami po ścianie w górę i w dół. Wykonaj około 10 powtórzeń lub utrzymuj ruch zgodnie z opisem ćwiczenia. Zwróć uwagę na bezpieczeństwo: Stać blisko ściany; unikać przeginania odcinka lędźwiowego.. Ruch wykonuj wolno, bez wstrzymywania oddechu; przerwij przy ostrym bólu, zawrotach głowy lub duszności."
Izometryczne zgięcie barku przy ścianie,Isometric Shoulder Flexion,Shoulder strengthening exercises – Patient advice sheet,siła_bark,łatwy,stojąca przodem do ściany,ściana,10 powtórzeń po 10 sekund,,bark,pchanie pięścią w ścianę przy zgiętym łokciu,nie,nie,nie,tak,tak,przewlekły ból barku; osłabienie mięśni barku,ostry uraz barku; brak zgody lekarza,wzmacnianie przedniej części barku bez ruchu w stawie,niski,średni,niski,niski,średni,bardzo niska,Nie wstrzymywać oddechu; napięcie ma być umiarkowane.,"Przyjmij pozycję wyjściową: stojąca przodem do ściany. Przygotuj sprzęt: ściana. Następnie wykonuj ruch główny: pchanie pięścią w ścianę przy zgiętym łokciu. Wykonaj około 10 powtórzeń po 10 sekund powtórzeń lub utrzymuj ruch zgodnie z opisem ćwiczenia. Zwróć uwagę na bezpieczeństwo: Nie wstrzymywać oddechu; napięcie ma być umiarkowane.. Ruch wykonuj wolno, bez wstrzymywania oddechu; przerwij przy ostrym bólu, zawrotach głowy lub duszności."
Izometryczne odwiedzenie barku przy ścianie,Isometric Shoulder Abduction,Shoulder strengthening exercises – Patient advice sheet,siła_bark,łatwy,stojąca bokiem do ściany,ściana,10 powtórzeń po 10 sekund,,bark,pchanie przedramieniem w bok przeciwko ścianie,nie,nie,nie,tak,tak,przewlekły ból barku; niestabilność łagodna,ostry uraz obrąbka; brak zgody lekarza,wzmacnianie mięśni odwodzących bark,niski,średni,niski,niski,średni,bardzo niska,Łokieć przy ciele; nie kompensować przechylaniem tułowia.,"Przyjmij pozycję wyjściową: stojąca bokiem do ściany. Przygotuj sprzęt: ściana. Następnie wykonuj ruch główny: pchanie przedramieniem w bok przeciwko ścianie. Wykonaj około 10 powtórzeń po 10 sekund powtórzeń lub utrzymuj ruch zgodnie z opisem ćwiczenia. Zwróć uwagę na bezpieczeństwo: Łokieć przy ciele; nie kompensować przechylaniem tułowia.. Ruch wykonuj wolno, bez wstrzymywania oddechu; przerwij przy ostrym bólu, zawrotach głowy lub duszności."
Izometryczna rotacja zewnętrzna barku,Isometric External Rotation,Shoulder strengthening exercises – Patient advice sheet; Shoulder strengthening NHS,siła_bark,łatwy,stojąca bokiem do ściany,ściana,10 powtórzeń po 10 sekund,,bark,docisk grzbietu dłoni do ściany przy zgiętym łokciu,nie,nie,nie,tak,tak,przewlekły ból barku; osłabienie stożka rotatorów,ostry uraz barku; brak zgody lekarza,wzmacnianie rotatorów zewnętrznych barku,niski,średni,niski,niski,średni,bardzo niska,Utrzymywać łokieć przy boku; nie przekręcać tułowia.,"Przyjmij pozycję wyjściową: stojąca bokiem do ściany. Przygotuj sprzęt: ściana. Następnie wykonuj ruch główny: docisk grzbietu dłoni do ściany przy zgiętym łokciu. Wykonaj około 10 powtórzeń po 10 sekund powtórzeń lub utrzymuj ruch zgodnie z opisem ćwiczenia. Zwróć uwagę na bezpieczeństwo: Utrzymywać łokieć przy boku; nie przekręcać tułowia.. Ruch wykonuj wolno, bez wstrzymywania oddechu; przerwij przy ostrym bólu, zawrotach głowy lub duszności."
Izometryczna rotacja wewnętrzna barku,Isometric Internal Rotation,Shoulder strengthening exercises – Patient advice sheet,siła_bark,łatwy,stojąca w drzwiach,framuga drzwi,10 powtórzeń po 10 sekund,,bark,docisk dłoni do futryny do wewnątrz,nie,nie,nie,tak,tak,przewlekły ból barku; niestabilność łagodna,ostry uraz barku; brak zgody lekarza,wzmacnianie rotatorów wewnętrznych barku,niski,średni,niski,niski,średni,bardzo niska,Pilnować neutralnej postawy; nie przyciskać barku do ucha.,"Przyjmij pozycję wyjściową: stojąca w drzwiach. Przygotuj sprzęt: framuga drzwi. Następnie wykonuj ruch główny: docisk dłoni do futryny do wewnątrz. Wykonaj około 10 powtórzeń po 10 sekund powtórzeń lub utrzymuj ruch zgodnie z opisem ćwiczenia. Zwróć uwagę na bezpieczeństwo: Pilnować neutralnej postawy; nie przyciskać barku do ucha.. Ruch wykonuj wolno, bez wstrzymywania oddechu; przerwij przy ostrym bólu, zawrotach głowy lub duszności."
Chód bokiem przy ścianie,Sideways Walking,NHS Balance exercises for older people; Exercises for older people booklet,równowaga_dyn,łatwy,stojąca przy ścianie,ściana lub blat kuchenny,10 kroków w każdą stronę,,biodra; kostki,kontrolowany chód bokiem ze stopami złączonymi,tak,nie,nie,tak,tak,zaburzenia równowagi; profilaktyka upadków,ostre zawroty głowy; duże ryzyko upadku bez asekuracji,trenowanie dynamicznej równowagi w płaszczyźnie czołowej,wysoki,niski,niski,niski,średni,niska,Trzymać się podparcia według potrzeby; małe kroki zwiększają trudność.,"Przyjmij pozycję wyjściową: stojąca przy ścianie. Przygotuj sprzęt: ściana lub blat kuchenny. Następnie wykonuj ruch główny: kontrolowany chód bokiem ze stopami złączonymi. Wykonaj około 10 kroków w każdą stronę powtórzeń lub utrzymuj ruch zgodnie z opisem ćwiczenia. Zwróć uwagę na bezpieczeństwo: Trzymać się podparcia według potrzeby; małe kroki zwiększają trudność.. Ruch wykonuj wolno, bez wstrzymywania oddechu; przerwij przy ostrym bólu, zawrotach głowy lub duszności."
Chód w linii pięta-palce,Heel-to-Toe Walk,NHS balance exercises; Exercises for older people (heel to toe),równowaga_dyn,średni,stojąca przy ścianie,ściana lub poręcz,5-10 kroków,,biodra; stopy,stawianie stóp w jednej linii pięta-przedstopie,tak,nie,nie,tak,tak,zaburzenia równowagi; niestabilny chód,duże ryzyko upadku bez asekuracji; ciężka neuropatia czuciowa,ćwiczenie równowagi w wąskiej podstawie podparcia,wysoki,niski,niski,niski,średni,niska,Patrzeć przed siebie; w razie potrzeby lekko dotykać ściany palcami dla asekuracji.,"Przyjmij pozycję wyjściową: stojąca przy ścianie. Przygotuj sprzęt: ściana lub poręcz. Następnie wykonuj ruch główny: stawianie stóp w jednej linii pięta-przedstopie. Wykonaj około 5-10 kroków powtórzeń lub utrzymuj ruch zgodnie z opisem ćwiczenia. Zwróć uwagę na bezpieczeństwo: Patrzeć przed siebie; w razie potrzeby lekko dotykać ściany palcami dla asekuracji.. Ruch wykonuj wolno, bez wstrzymywania oddechu; przerwij przy ostrym bólu, zawrotach głowy lub duszności."
Stanie na jednej nodze przy ścianie,One-Leg Stand,NHS balance exercises – one-leg stand,równowaga_stat,średni,stojąca przodem do ściany,ściana,3 powtórzenia po 5-10 sekund na nogę,,biodra; kostki,utrzymanie pozycji na jednej nodze przy lekkim podparciu,tak,nie,nie,tak,tak,zaburzenia równowagi; profilaktyka upadków,duże ryzyko upadku; niestabilność stawu skokowego,trenowanie statycznej równowagi na jednej nodze,wysoki,niski,niski,niski,średni,niska,Zawsze stać blisko ściany; w razie niepewności trzymać jedną rękę na ścianie.,"Przyjmij pozycję wyjściową: stojąca przodem do ściany. Przygotuj sprzęt: ściana. Następnie wykonuj ruch główny: utrzymanie pozycji na jednej nodze przy lekkim podparciu. Wykonaj około 3 powtórzenia po 5-10 sekund na nogę powtórzeń lub utrzymuj ruch zgodnie z opisem ćwiczenia. Zwróć uwagę na bezpieczeństwo: Zawsze stać blisko ściany; w razie niepewności trzymać jedną rękę na ścianie.. Ruch wykonuj wolno, bez wstrzymywania oddechu; przerwij przy ostrym bólu, zawrotach głowy lub duszności."
Chód po linii z asekuracją,Grapevine / Simple Grapevine,NHS balance exercises – Simple grapevine,równowaga_dyn,średni,stojąca przy ścianie,ściana,5-10 kroków na stronę,,biodra; kolana,chodzenie bokiem z krzyżowaniem nóg (grapevine),tak,nie,nie,tak,tak,zaburzenia równowagi; trening koordynacji,duże ryzyko upadku; ciężkie zaburzenia przedsionkowe,ćwiczenie koordynacji i równowagi przy zmianie ustawienia stóp,wysoki,niski,niski,niski,średni,średni,Robić małe kroki; w razie potrzeby opierać palce o ścianę.,"Przyjmij pozycję wyjściową: stojąca przy ścianie. Przygotuj sprzęt: ściana. Następnie wykonuj ruch główny: chodzenie bokiem z krzyżowaniem nóg (grapevine). Wykonaj około 5-10 kroków na stronę powtórzeń lub utrzymuj ruch zgodnie z opisem ćwiczenia. Zwróć uwagę na bezpieczeństwo: Robić małe kroki; w razie potrzeby opierać palce o ścianę.. Ruch wykonuj wolno, bez wstrzymywania oddechu; przerwij przy ostrym bólu, zawrotach głowy lub duszności."
Step-up na schodek z poręczą,Step Up with Support,NHS balance exercises – Step up; Otago step-up,siła_równowaga,średni,stojąca przed niskim stopniem,niski stopień; poręcz lub blat,10 na nogę,,uda; pośladki; łydki,wchodzenie i schodzenie ze stopnia z asekuracją,tak,nie,nie,tak,tak,osłabienie kończyn dolnych; profilaktyka upadków,ostry ból kolan lub bioder; duże ryzyko upadku,poprawa siły nóg i równowagi przy zmianach poziomów,wysoki,wysoki,niski,średni,średni,średni,Trzymać się poręczy; wykonywać ruch wolno i kontrolowanie.,"Przyjmij pozycję wyjściową: stojąca przed niskim stopniem. Przygotuj sprzęt: niski stopień; poręcz lub blat. Następnie wykonuj ruch główny: wchodzenie i schodzenie ze stopnia z asekuracją. Wykonaj około 10 na nogę powtórzeń lub utrzymuj ruch zgodnie z opisem ćwiczenia. Zwróć uwagę na bezpieczeństwo: Trzymać się poręczy; wykonywać ruch wolno i kontrolowanie.. Ruch wykonuj wolno, bez wstrzymywania oddechu; przerwij przy ostrym bólu, zawrotach głowy lub duszności."
Chód tyłem z podparciem,Backwards Walking Supported,Otago Strength and Balance – backwards walking; Oxford Otago booklet,równowaga_dyn,średni,stojąca przy blacie,blat kuchenny lub poręcz,do 10 kroków w tył,,biodra; stopy,chodzenie tyłem wzdłuż podparcia,tak,nie,nie,tak,tak,zaburzenia równowagi; trening reakcji równoważnych,duże ryzyko potknięcia; brak możliwości asekuracji,ćwiczenie kontroli kroku w tył i reakcji równoważnych,wysoki,niski,niski,niski,średni,niska,Patrzeć przed siebie i kontrolować otoczenie przed rozpoczęciem; zawsze trzymać jedną rękę na podparciu.,"Przyjmij pozycję wyjściową: stojąca przy blacie. Przygotuj sprzęt: blat kuchenny lub poręcz. Następnie wykonuj ruch główny: chodzenie tyłem wzdłuż podparcia. Wykonaj około do 10 kroków w tył powtórzeń lub utrzymuj ruch zgodnie z opisem ćwiczenia. Zwróć uwagę na bezpieczeństwo: Patrzeć przed siebie i kontrolować otoczenie przed rozpoczęciem; zawsze trzymać jedną rękę na podparciu.. Ruch wykonuj wolno, bez wstrzymywania oddechu; przerwij przy ostrym bólu, zawrotach głowy lub duszności."
Chód na palcach z podparciem,Toe Walking Supported,Otago Strength and Balance – toe walking; Oxford Otago pdf,równowaga_dyn,średni,stojąca przy blacie,blat kuchenny,do 10 kroków,,łydki; stopy,chód na palcach wzdłuż podparcia,tak,nie,nie,tak,tak,zaburzenia równowagi; osłabienie łydek,ostre bóle stóp; ciężka neuropatia; brak zgody lekarza,wzmocnienie łydek i poprawa równowagi przy wąskiej podstawie,wysoki,średni,niski,niski,średni,niska,Trzymać się podparcia; małe kroki; w razie bólu stóp ograniczyć czas.,"Przyjmij pozycję wyjściową: stojąca przy blacie. Przygotuj sprzęt: blat kuchenny. Następnie wykonuj ruch główny: chód na palcach wzdłuż podparcia. Wykonaj około do 10 kroków powtórzeń lub utrzymuj ruch zgodnie z opisem ćwiczenia. Zwróć uwagę na bezpieczeństwo: Trzymać się podparcia; małe kroki; w razie bólu stóp ograniczyć czas.. Ruch wykonuj wolno, bez wstrzymywania oddechu; przerwij przy ostrym bólu, zawrotach głowy lub duszności."
Chód na piętach z podparciem,Heel Walking Supported,Otago Exercise Programme – ankle dorsiflexor (toe raises) adaptacja,równowaga_dyn,średni,stojąca przy blacie,blat kuchenny,do 10 kroków,,przednie golenie; stopy,chód na piętach wzdłuż podparcia,tak,nie,nie,tak,tak,zaburzenia równowagi; osłabienie zginaczy grzbietowych stopy,ostre bóle pięt; ciężka neuropatia; brak zgody lekarza,wzmocnienie zginaczy grzbietowych stopy i poprawa kontroli stawiania stopy,wysoki,średni,niski,niski,średni,niska,Trzymać się blatu; unikać dużych kroków; ćwiczenie wykonywać na stabilnym podłożu.,"Przyjmij pozycję wyjściową: stojąca przy blacie. Przygotuj sprzęt: blat kuchenny. Następnie wykonuj ruch główny: chód na piętach wzdłuż podparcia. Wykonaj około do 10 kroków powtórzeń lub utrzymuj ruch zgodnie z opisem ćwiczenia. Zwróć uwagę na bezpieczeństwo: Trzymać się blatu; unikać dużych kroków; ćwiczenie wykonywać na stabilnym podłożu.. Ruch wykonuj wolno, bez wstrzymywania oddechu; przerwij przy ostrym bólu, zawrotach głowy lub duszności."
Siad-stań wielokrotny z asekuracją,Repeated Sit to Stand (Falls Prevention),Otago knee strengthening; Strength and balance exercise booklets,siła_równowaga,średni,siedząca na krześle,stabilne krzesło,8-15,,uda; pośladki,wielokrotne wstawanie i siadanie z krzesła bez użycia rąk jeśli możliwe,tak,nie,tak,tak,tak,słabość kończyn dolnych; profilaktyka upadków,ostry ból kolan; ciężka niewydolność krążeniowo-oddechowa; brak zgody lekarza,poprawa siły funkcjonalnej nóg i zdolności wstawania,średni,wysoki,niski,średni,średni,średni,Krzesło dosunąć do ściany; w razie potrzeby używać rąk lub podwyższenia siedziska.,"Przyjmij pozycję wyjściową: siedząca na krześle. Przygotuj sprzęt: stabilne krzesło. Następnie wykonuj ruch główny: wielokrotne wstawanie i siadanie z krzesła bez użycia rąk jeśli możliwe. Wykonaj około 8-15 powtórzeń lub utrzymuj ruch zgodnie z opisem ćwiczenia. Zwróć uwagę na bezpieczeństwo: Krzesło dosunąć do ściany; w razie potrzeby używać rąk lub podwyższenia siedziska.. Ruch wykonuj wolno, bez wstrzymywania oddechu; przerwij przy ostrym bólu, zawrotach głowy lub duszności."
Przenoszenie ciężaru z nogi na nogę,Weight Shift Side to Side,Strength and balance exercise booklet – Community Falls Team,równowaga_stat,łatwy,stojąca przy blacie,blat lub oparcie krzesła,10-20 powolnych przeniesień,,biodra; stopy,naprzemienne przenoszenie ciężaru z jednej nogi na drugą,tak,nie,nie,tak,tak,zaburzenia równowagi; sztywność bioder,ciężkie zaburzenia przedsionkowe; duże ryzyko upadku,uczucie położenia środka ciężkości i poprawa kontroli nad postawą,wysoki,niski,niski,niski,średni,bardzo niska,Utrzymywać stopy na podłożu; ruch powolny i kontrolowany; nie przekraczać granicy komfortu.,"Przyjmij pozycję wyjściową: stojąca przy blacie. Przygotuj sprzęt: blat lub oparcie krzesła. Następnie wykonuj ruch główny: naprzemienne przenoszenie ciężaru z jednej nogi na drugą. Wykonaj około 10-20 powolnych przeniesień powtórzeń lub utrzymuj ruch zgodnie z opisem ćwiczenia. Zwróć uwagę na bezpieczeństwo: Utrzymywać stopy na podłożu; ruch powolny i kontrolowany; nie przekraczać granicy komfortu.. Ruch wykonuj wolno, bez wstrzymywania oddechu; przerwij przy ostrym bólu, zawrotach głowy lub duszności."
Marsz z duzym krokiem i wymachem rak,Big Step Walking with Arm Swing,Be Active & Beyond – APDA; Parkinson balance training fact sheet,równowaga_dyn,średni,stojąca,korytarz lub pokój z podporą przy ścianie,10-20 kroków,,biodra; nogi; ramiona,chodzenie z dużymi krokami i wyraźnym wymachem ramion,opcjonalnie,nie,nie,tak,tak,choroba Parkinsona; zaburzenia równowagi; spowolnienie ruchowe,ciężkie upośledzenie równowagi bez asekuracji; brak zgody lekarza,zwiększenie amplitudy ruchu i poprawa wzorca chodu u osób z Parkinsonem,wysoki,średni,niski,średni,wysoki,niska,Ćwiczyć w dobrze znanym otoczeniu; używać poręczy lub opiekuna w razie niestabilności.,"Przyjmij pozycję wyjściową: stojąca. Przygotuj sprzęt: korytarz lub pokój z podporą przy ścianie. Następnie wykonuj ruch główny: chodzenie z dużymi krokami i wyraźnym wymachem ramion. Wykonaj około 10-20 kroków powtórzeń lub utrzymuj ruch zgodnie z opisem ćwiczenia. Zwróć uwagę na bezpieczeństwo: Ćwiczyć w dobrze znanym otoczeniu; używać poręczy lub opiekuna w razie niestabilności.. Ruch wykonuj wolno, bez wstrzymywania oddechu; przerwij przy ostrym bólu, zawrotach głowy lub duszności."
Marsz z zatrzymaniem i obrotem,Stop-and-Turn Walking,Parkinson Disease Balance Training fact sheet; Parkinsons UK toolkit,równowaga_dyn,średni,stojąca,korytarz; ewentualnie poręcz,10 obrotów,,biodra; tułów; głowa,marsz do przodu z zaplanowanym zatrzymaniem i obrotem o 180 stopni,opcjonalnie,nie,nie,tak,tak,choroba Parkinsona; zamrożenia chodu; zaburzenia równowagi,częste upadki bez asekuracji; nasilone zawroty głowy,trening bezpiecznego zatrzymania i zmiany kierunku chodu,wysoki,średni,niski,niski,średni,niska,Obracać się na kilka małych kroków; unikać szybkiego skręcania w miejscu.,"Przyjmij pozycję wyjściową: stojąca. Przygotuj sprzęt: korytarz; ewentualnie poręcz. Następnie wykonuj ruch główny: marsz do przodu z zaplanowanym zatrzymaniem i obrotem o 180 stopni. Wykonaj około 10 obrotów powtórzeń lub utrzymuj ruch zgodnie z opisem ćwiczenia. Zwróć uwagę na bezpieczeństwo: Obracać się na kilka małych kroków; unikać szybkiego skręcania w miejscu.. Ruch wykonuj wolno, bez wstrzymywania oddechu; przerwij przy ostrym bólu, zawrotach głowy lub duszności."
Siad-stań z sygnałem słownym,Cueing Sit to Stand,Be Active & Beyond – APDA; Parkinsons UK physical activity toolkit,siła_funkcjonalna,łatwy,siedząca na krześle,stabilne krzesło,8-12,,uda; pośladki; core,wstawanie z krzesła na wyraźną komendę z głośnym liczeniem,tak,nie,tak,tak,tak,choroba Parkinsona; słabe nogi; profilaktyka upadków,ostry ból kolan; znaczna hipotonia ortostatyczna przy wstawaniu,poprawa siły kończyn dolnych i inicjacji ruchu przy wstawaniu,średni,wysoki,niski,niski,wysoki,niska,Krzesło dosunąć do ściany; w razie potrzeby używać podłokietników lub laski.,"Przyjmij pozycję wyjściową: siedząca na krześle. Przygotuj sprzęt: stabilne krzesło. Następnie wykonuj ruch główny: wstawanie z krzesła na wyraźną komendę z głośnym liczeniem. Wykonaj około 8-12 powtórzeń lub utrzymuj ruch zgodnie z opisem ćwiczenia. Zwróć uwagę na bezpieczeństwo: Krzesło dosunąć do ściany; w razie potrzeby używać podłokietników lub laski.. Ruch wykonuj wolno, bez wstrzymywania oddechu; przerwij przy ostrym bólu, zawrotach głowy lub duszności."
Przenoszenie ciężaru z rytmem,Rhythmic Weight Shifting,Parkinson Disease Balance Training fact sheet,równowaga_stat,łatwy,stojąca przy blacie,blat kuchenny lub poręcz,20 przeniesień,,biodra; stopy; tułów,naprzemienne przenoszenie ciężaru ciała z nogi na nogę w rytmie liczenia,tak,nie,nie,tak,tak,choroba Parkinsona; zaburzenia równowagi; sztywność bioder,silne zawroty głowy; bardzo wysokie ryzyko upadku,poprawa kontroli środka ciężkości i przygotowanie do chodu,wysoki,niski,średni,niski,średni,bardzo niska,Stopy cały czas na podłożu; zaczynać od niewielkiego zakresu ruchu.,"Przyjmij pozycję wyjściową: stojąca przy blacie. Przygotuj sprzęt: blat kuchenny lub poręcz. Następnie wykonuj ruch główny: naprzemienne przenoszenie ciężaru ciała z nogi na nogę w rytmie liczenia. Wykonaj około 20 przeniesień powtórzeń lub utrzymuj ruch zgodnie z opisem ćwiczenia. Zwróć uwagę na bezpieczeństwo: Stopy cały czas na podłożu; zaczynać od niewielkiego zakresu ruchu.. Ruch wykonuj wolno, bez wstrzymywania oddechu; przerwij przy ostrym bólu, zawrotach głowy lub duszności."
Tandem stance z sygnałem wzrokowym,Tandem Stance with Visual Cue,Parkinson Disease Balance Training fact sheet; Otago balance elements,równowaga_stat,średni,stojąca w pozycji pięta-przodostopie,ściana lub blat do asekuracji,3 po 20-30 sekund,20-30,stopy; biodra; core,utrzymanie pozycji w ustawieniu tandemowym z patrzeniem w stały punkt,opcjonalnie,nie,nie,tak,tak,choroba Parkinsona; zaburzenia równowagi; profilaktyka upadków,częste upadki; brak możliwości asekuracji; ostre zawroty głowy,poprawa równowagi w wąskiej podstawie podparcia,wysoki,niski,niski,niski,średni,niska,Zawsze zaczynać przy ścianie; zmieniać którą noga jest z przodu.,"Przyjmij pozycję wyjściową: stojąca w pozycji pięta-przodostopie. Przygotuj sprzęt: ściana lub blat do asekuracji. Następnie wykonuj ruch główny: utrzymanie pozycji w ustawieniu tandemowym z patrzeniem w stały punkt. Wykonaj około 3 po 20-30 sekund powtórzeń lub utrzymuj ruch zgodnie z opisem ćwiczenia. Jeżeli ćwiczenie jest czasowe, wykonuj je przez około 20-30 sekund. Zwróć uwagę na bezpieczeństwo: Zawsze zaczynać przy ścianie; zmieniać którą noga jest z przodu.. Ruch wykonuj wolno, bez wstrzymywania oddechu; przerwij przy ostrym bólu, zawrotach głowy lub duszności."
Marsz z podwójnym zadaniem,Dual Task Walking,Be Active & Beyond – APDA; Parkinsons UK activity ideas,równowaga_dyn,trudny,stojąca,korytarz; opiekun do asekuracji,2-3 odcinki po 20-30 kroków,,nogi; tułów; układ nerwowy,marsz z jednoczesnym liczeniem wstecz lub nazywaniem kategorii słów,nie,nie,opcjonalnie,tak,tak,choroba Parkinsona; łagodne zaburzenia poznawcze; profilaktyka upadków,wysokie ryzyko upadku; znaczne zaburzenia poznawcze; brak asekuracji,trening równowagi i uwagi podwójnej podczas chodu,wysoki,średni,niski,średni,średni,średni,Najpierw opanować marsz bez zadania dodatkowego; stosować tylko przy dobrej asekuracji.,"Przyjmij pozycję wyjściową: stojąca. Przygotuj sprzęt: korytarz; opiekun do asekuracji. Następnie wykonuj ruch główny: marsz z jednoczesnym liczeniem wstecz lub nazywaniem kategorii słów. Wykonaj około 2-3 odcinki po 20-30 kroków powtórzeń lub utrzymuj ruch zgodnie z opisem ćwiczenia. Zwróć uwagę na bezpieczeństwo: Najpierw opanować marsz bez zadania dodatkowego; stosować tylko przy dobrej asekuracji.. Ruch wykonuj wolno, bez wstrzymywania oddechu; przerwij przy ostrym bólu, zawrotach głowy lub duszności."
Siedzacy marsz z duzymi ruchami,Seated Big Marching,Be Active & Beyond – seated exercises; Easy chair-based programme for older adults,kardio,łatwy,siedząca na krześle,krzesło z oparciem,30-60 sekund,30-60,biodra; kolana; ramiona,naprzemienne unoszenie kolan z dużym wymachem ramion,tak,nie,tak,nie,tak,choroba Parkinsona; słaba kondycja; ograniczona mobilność,niestabilna choroba serca; ciężka duszność przy niewielkim wysiłku,poprawa kondycji oraz amplitudy ruchu w bezpiecznej pozycji siedzącej,średni,średni,niski,średni,wysoki,niska,Siedzieć blisko przedniej krawędzi krzesła z podparciem pleców według potrzeby.,"Przyjmij pozycję wyjściową: siedząca na krześle. Przygotuj sprzęt: krzesło z oparciem. Następnie wykonuj ruch główny: naprzemienne unoszenie kolan z dużym wymachem ramion. Wykonaj około 30-60 sekund powtórzeń lub utrzymuj ruch zgodnie z opisem ćwiczenia. Jeżeli ćwiczenie jest czasowe, wykonuj je przez około 30-60 sekund. Zwróć uwagę na bezpieczeństwo: Siedzieć blisko przedniej krawędzi krzesła z podparciem pleców według potrzeby.. Ruch wykonuj wolno, bez wstrzymywania oddechu; przerwij przy ostrym bólu, zawrotach głowy lub duszności."
Siedzace przenoszenie ciężaru tułowia,Seated Trunk Weight Shift,Easy chair-based exercises for older adults; Parkinsons UK seated balance,równowaga_stat,łatwy,siedząca na krześle bez podłokietników,stabilne krzesło,10-20 na stronę,,biodra; core; plecy,pochylenie tułowia na boki ponad stopę z powrotem do środka,tak,nie,tak,nie,tak,choroba Parkinsona; zaburzenia równowagi; ograniczona mobilność,silne zawroty głowy; ostry ból pleców,bezpieczny trening przesunięć środka ciężkości w pozycji siedzącej,średni,niski,średni,niski,wysoki,bardzo niska,Stopy płasko na podłodze; nie odrywać pośladków od siedziska.,"Przyjmij pozycję wyjściową: siedząca na krześle bez podłokietników. Przygotuj sprzęt: stabilne krzesło. Następnie wykonuj ruch główny: pochylenie tułowia na boki ponad stopę z powrotem do środka. Wykonaj około 10-20 na stronę powtórzeń lub utrzymuj ruch zgodnie z opisem ćwiczenia. Zwróć uwagę na bezpieczeństwo: Stopy płasko na podłodze; nie odrywać pośladków od siedziska.. Ruch wykonuj wolno, bez wstrzymywania oddechu; przerwij przy ostrym bólu, zawrotach głowy lub duszności."
Siedzace skręty tulowia z patrzeniem za ramie,Seated Trunk Rotation with Gaze,Be Active & Beyond – trunk rotation; Easy Exercises Chair Based Programme,mobilność,łatwy,siedząca na krześle,krzesło,10 na stronę,,kręgosłup piersiowy; szyja,skręt tułowia i głowy w bok z powrotem do środka,tak,opcjonalnie,tak,nie,tak,choroba Parkinsona; sztywność kręgosłupa; ograniczona mobilność,niestabilne choroby szyi; ostry zawrót głowy,poprawa rotacji tułowia i kontroli ruchu głowy,niski,niski,wysoki,niski,średni,bardzo niska,Ruch płynny; bez szarpania; nie przekraczać zakresu bezpiecznego dla szyi.,"Przyjmij pozycję wyjściową: siedząca na krześle. Przygotuj sprzęt: krzesło. Następnie wykonuj ruch główny: skręt tułowia i głowy w bok z powrotem do środka. Wykonaj około 10 na stronę powtórzeń lub utrzymuj ruch zgodnie z opisem ćwiczenia. Zwróć uwagę na bezpieczeństwo: Ruch płynny; bez szarpania; nie przekraczać zakresu bezpiecznego dla szyi.. Ruch wykonuj wolno, bez wstrzymywania oddechu; przerwij przy ostrym bólu, zawrotach głowy lub duszności."
Oddech przez zasznurowane usta,Pursed-Lip Breathing,Breathing Exercises for COPD – Cleveland Clinic; COPD Workbook; UMMS COPD breathing exercises,oddech,łatwy,siedząca lub stojąca,brak,5-10 oddechów,,układ oddechowy,spokojny wdech nosem i długi wydech przez lekko zaciśnięte usta,opcjonalnie,tak,tak,nie,nie,POChP; duszność wysiłkowa; słaba kondycja,brak specyficznych; przerwać przy zawrotach głowy,zmniejszenie duszności i poprawa opróżniania płuc,niski,niski,niski,niski,średni,bardzo niska,Ćwiczyć w spokojnym tempie; w razie zawrotów głowy zrobić przerwę.,"Przyjmij pozycję wyjściową: siedząca lub stojąca. Następnie wykonuj ruch główny: spokojny wdech nosem i długi wydech przez lekko zaciśnięte usta. Wykonaj około 5-10 oddechów powtórzeń lub utrzymuj ruch zgodnie z opisem ćwiczenia. Zwróć uwagę na bezpieczeństwo: Ćwiczyć w spokojnym tempie; w razie zawrotów głowy zrobić przerwę.. Ruch wykonuj wolno, bez wstrzymywania oddechu; przerwij przy ostrym bólu, zawrotach głowy lub duszności."
Oddychanie przeponowe w leżeniu,Diaphragmatic Breathing (supine),Breathing Exercises for COPD – Cleveland Clinic; Learning to Live with COPD Workbook,oddech,łatwy,leżąca na plecach z ugiętymi kolanami,poduszka pod głowę,5-10 oddechów,,przepona; klatka piersiowa,wdech z unoszeniem brzucha i wydech z jego opadaniem przy rozluźnionych barkach,nie,tak,opcjonalnie,nie,opcjonalnie,POChP; przewlekła duszność; słaba kondycja,ciężka niewydolność serca bez nadzoru; silne zawroty głowy,wzmocnienie przepony i poprawa efektywności oddychania,niski,niski,niski,niski,niski,bardzo niska,Unikać nadmiernie głębokich oddechów prowadzących do hiperwentylacji.,"Przyjmij pozycję wyjściową: leżąca na plecach z ugiętymi kolanami. Przygotuj sprzęt: poduszka pod głowę. Następnie wykonuj ruch główny: wdech z unoszeniem brzucha i wydech z jego opadaniem przy rozluźnionych barkach. Wykonaj około 5-10 oddechów powtórzeń lub utrzymuj ruch zgodnie z opisem ćwiczenia. Zwróć uwagę na bezpieczeństwo: Unikać nadmiernie głębokich oddechów prowadzących do hiperwentylacji.. Ruch wykonuj wolno, bez wstrzymywania oddechu; przerwij przy ostrym bólu, zawrotach głowy lub duszności."
Oddychanie przeponowe w siadzie,Diaphragmatic Breathing (sitting),COPD exercise handbooks; COPD Workbook for severely challenged COPDers,oddech,łatwy,siedząca na krześle,krzesło,5-10 oddechów,,przepona; klatka piersiowa,wolny wdech nosem z rozszerzeniem brzucha i spokojny wydech ustami przy wsparciu rąk na brzuchu,tak,opcjonalnie,tak,nie,tak,POChP; przewlekła duszność; słaba kondycja; ograniczona mobilność,brak specyficznych; przerwać przy złym samopoczuciu,nauka ekonomicznego oddychania w codziennych czynnościach,niski,niski,niski,niski,średni,bardzo niska,Stopy na podłodze; tors lekko pochylony do przodu ułatwia oddychanie.,"Przyjmij pozycję wyjściową: siedząca na krześle. Przygotuj sprzęt: krzesło. Następnie wykonuj ruch główny: wolny wdech nosem z rozszerzeniem brzucha i spokojny wydech ustami przy wsparciu rąk na brzuchu. Wykonaj około 5-10 oddechów powtórzeń lub utrzymuj ruch zgodnie z opisem ćwiczenia. Zwróć uwagę na bezpieczeństwo: Stopy na podłodze; tors lekko pochylony do przodu ułatwia oddychanie.. Ruch wykonuj wolno, bez wstrzymywania oddechu; przerwij przy ostrym bólu, zawrotach głowy lub duszności."
Ćwiczenie Blow as you Go,Blow as you Go,Understanding COPD – PR booklet; NHS COPD exercise handbook,oddech,łatwy,stojąca lub siedząca podczas czynności,brak,stosowane podczas serii 10-20 kroków lub wejść po schodach,,układ oddechowy,wdech przed wysiłkiem i wydłużony wydech w trakcie ruchu wysiłkowego,opcjonalnie,nie,tak,opcjonalnie,tak,POChP; przewlekła duszność; rehabilitacja oddechowa,niestabilna choroba serca; objawy alarmowe (ból w klatce; silne zawroty),koordynacja oddechu z wysiłkiem w celu zmniejszenia duszności,niski,niski,niski,średni,średni,niska,Stosować tylko przy stabilnej kondycji; przerwać; jeśli pojawi się ból w klatce piersiowej.,"Przyjmij pozycję wyjściową: stojąca lub siedząca podczas czynności. Następnie wykonuj ruch główny: wdech przed wysiłkiem i wydłużony wydech w trakcie ruchu wysiłkowego. Wykonaj około stosowane podczas serii 10-20 kroków lub wejść po schodach powtórzeń lub utrzymuj ruch zgodnie z opisem ćwiczenia. Zwróć uwagę na bezpieczeństwo: Stosować tylko przy stabilnej kondycji; przerwać; jeśli pojawi się ból w klatce piersiowej.. Ruch wykonuj wolno, bez wstrzymywania oddechu; przerwij przy ostrym bólu, zawrotach głowy lub duszności."
Marsz w miejscu dla POChP,On-the-Spot March for COPD,Your exercise handbook – All Wales ICST; COPD home exercise programmes,kardio,łatwy,stojąca przy blacie,blat kuchenny lub poręcz,2-5 minut w blokach po 30 sekund,,nogi; układ oddechowy,marsz w miejscu w tempie dostosowanym do duszności z kontrolą oddechu,tak,nie,opcjonalnie,tak,tak,POChP; słaba kondycja; ograniczona mobilność,ostre zaostrzenie POChP; niestabilna choroba serca,poprawa wydolności wysiłkowej przy kontroli duszności,średni,średni,niski,wysoki,średni,niska,Skala duszności 0-10 nie powinna przekraczać poziomu 3-4; zatrzymać się przed zadyszką skrajną.,"Przyjmij pozycję wyjściową: stojąca przy blacie. Przygotuj sprzęt: blat kuchenny lub poręcz. Następnie wykonuj ruch główny: marsz w miejscu w tempie dostosowanym do duszności z kontrolą oddechu. Wykonaj około 2-5 minut w blokach po 30 sekund powtórzeń lub utrzymuj ruch zgodnie z opisem ćwiczenia. Zwróć uwagę na bezpieczeństwo: Skala duszności 0-10 nie powinna przekraczać poziomu 3-4; zatrzymać się przed zadyszką skrajną.. Ruch wykonuj wolno, bez wstrzymywania oddechu; przerwij przy ostrym bólu, zawrotach głowy lub duszności."
Spacer interwałowy dla POChP,Interval Walking for COPD,Your exercise handbook – All Wales ICST; pulmonary rehabilitation walking programme,kardio,średni,stojąca,korytarz lub bezpieczna trasa spacerowa,5-10 cykli 1 min marszu / 1 min odpoczynku,,nogi; układ oddechowy; układ krążenia,spokojny marsz z zaplanowanymi przerwami i kontrolą oddechu,nie,nie,nie,tak,tak,POChP; przewlekła duszność; słaba kondycja,ostre zaostrzenie POChP; niestabilne choroby serca; ból w klatce,stopniowe zwiększanie dystansu chodu bez nadmiernej duszności,średni,średni,niski,wysoki,średni,średni,Monitorować duszność i ewentualne objawy alarmowe; w razie potrzeby skrócić interwały.,"Przyjmij pozycję wyjściową: stojąca. Przygotuj sprzęt: korytarz lub bezpieczna trasa spacerowa. Następnie wykonuj ruch główny: spokojny marsz z zaplanowanymi przerwami i kontrolą oddechu. Wykonaj około 5-10 cykli 1 min marszu / 1 min odpoczynku powtórzeń lub utrzymuj ruch zgodnie z opisem ćwiczenia. Zwróć uwagę na bezpieczeństwo: Monitorować duszność i ewentualne objawy alarmowe; w razie potrzeby skrócić interwały.. Ruch wykonuj wolno, bez wstrzymywania oddechu; przerwij przy ostrym bólu, zawrotach głowy lub duszności."
Siedzace unoszenie ramion z oddechem,Seated Arm Raises with Breathing,COPD exercise handbook; Chair-based exercise programmes,kardio_oddech,łatwy,siedząca na krześle,krzesło,10-15,,ramiona; klatka piersiowa; układ oddechowy,unoszenie ramion do góry z wdechem i opuszczanie z wydechem przez zasznurowane usta,tak,opcjonalnie,tak,nie,tak,POChP; słaba kondycja; ograniczona mobilność; ból barków o niewielkim nasileniu,ostry ból barku; niewyrównana choroba serca,koordynacja ruchu ramion z kontrolowanym oddechem dla poprawy wydolności,niski,średni,średni,średni,wysoki,niska,Ramiona unosić tylko do bezbolesnego zakresu; oddech ma być płynny.,"Przyjmij pozycję wyjściową: siedząca na krześle. Przygotuj sprzęt: krzesło. Następnie wykonuj ruch główny: unoszenie ramion do góry z wdechem i opuszczanie z wydechem przez zasznurowane usta. Wykonaj około 10-15 powtórzeń lub utrzymuj ruch zgodnie z opisem ćwiczenia. Zwróć uwagę na bezpieczeństwo: Ramiona unosić tylko do bezbolesnego zakresu; oddech ma być płynny.. Ruch wykonuj wolno, bez wstrzymywania oddechu; przerwij przy ostrym bólu, zawrotach głowy lub duszności."
Siedzace prostowanie kolan z napieciem,Seated Knee Extension,Chair & Seated Exercises for Seniors; Easy chair-based programme,siła,łatwy,siedząca na krześle,krzesło,10-15 na nogę,,uda; kolana,prostowanie kolana z krótkim przytrzymaniem w górze,tak,tak,tak,nie,tak,słabe nogi; ból kolan; ograniczona mobilność,ostry ból kolana; świeży zabieg w obrębie stawu kolanowego,wzmocnienie mięśnia czworogłowego w bezpiecznej pozycji,niski,średni,niski,niski,średni,bardzo niska,Nie blokować kolana w przeproście; stopa wraca kontrolowanie na podłogę.,"Przyjmij pozycję wyjściową: siedząca na krześle. Przygotuj sprzęt: krzesło. Następnie wykonuj ruch główny: prostowanie kolana z krótkim przytrzymaniem w górze. Wykonaj około 10-15 na nogę powtórzeń lub utrzymuj ruch zgodnie z opisem ćwiczenia. Zwróć uwagę na bezpieczeństwo: Nie blokować kolana w przeproście; stopa wraca kontrolowanie na podłogę.. Ruch wykonuj wolno, bez wstrzymywania oddechu; przerwij przy ostrym bólu, zawrotach głowy lub duszności."
Siedzacy odwodzenie nogi,Seated Hip Abduction,Chair-based exercises for older adults; YMCA chair exercises,siła,łatwy,siedząca na krześle,krzesło; opcjonalnie taśma oporowa nad kolanami,10-15 na nogę,,biodra; uda,odsuwanie kolana na bok z powrotem do środka,tak,opcjonalnie,tak,nie,tak,słabe biodra; słabe pośladki; ograniczona mobilność,ostry ból biodra; świeży zabieg w obrębie stawu biodrowego,wzmocnienie odwodzicieli biodra u osób z ograniczoną możliwością stania,niski,średni,średni,niski,średni,bardzo niska,Kolana nie powinny zbliżać się gwałtownie; ruch kontrolowany w obie strony.,"Przyjmij pozycję wyjściową: siedząca na krześle. Przygotuj sprzęt: krzesło; opcjonalnie taśma oporowa nad kolanami. Następnie wykonuj ruch główny: odsuwanie kolana na bok z powrotem do środka. Wykonaj około 10-15 na nogę powtórzeń lub utrzymuj ruch zgodnie z opisem ćwiczenia. Zwróć uwagę na bezpieczeństwo: Kolana nie powinny zbliżać się gwałtownie; ruch kontrolowany w obie strony.. Ruch wykonuj wolno, bez wstrzymywania oddechu; przerwij przy ostrym bólu, zawrotach głowy lub duszności."
Siedzacy marsz z pracą ramion,Seated March with Arm Circles,10 Chair Exercises for Seniors – YMCA; chair & seated programmes,kardio,średni,siedząca na krześle,krzesło,30-60 sekund,30-60,nogi; ramiona; core,marsz w miejscu połączony z krążeniem ramion w przód i tył,tak,nie,tak,nie,tak,słaba kondycja; ograniczona mobilność; słaby core,niestabilne choroby serca; zawroty głowy przy unoszeniu ramion,poprawa wydolności i koordynacji w pozycji siedzącej,średni,średni,średni,średni,wysoki,niska,Utrzymywać wyprostowany tułów; wykonywać krążenia w komfortowym zakresie.,"Przyjmij pozycję wyjściową: siedząca na krześle. Przygotuj sprzęt: krzesło. Następnie wykonuj ruch główny: marsz w miejscu połączony z krążeniem ramion w przód i tył. Wykonaj około 30-60 sekund powtórzeń lub utrzymuj ruch zgodnie z opisem ćwiczenia. Jeżeli ćwiczenie jest czasowe, wykonuj je przez około 30-60 sekund. Zwróć uwagę na bezpieczeństwo: Utrzymywać wyprostowany tułów; wykonywać krążenia w komfortowym zakresie.. Ruch wykonuj wolno, bez wstrzymywania oddechu; przerwij przy ostrym bólu, zawrotach głowy lub duszności."
Siedzace skłony w przód z prostymi plecami,Seated Hip Hinge (Good Morning),8 Best Seated and Chair Exercises for Seniors – PureGym; chair-based programmes,mobilność_core,łatwy,siedząca na krześle,krzesło,10-15,,biodra; dolne plecy; core,pochylenie tułowia do przodu z neutralnym kręgosłupem i powrót,tak,nie,tak,nie,tak,ograniczona mobilność; sztywność bioder; słaby core,osteoporoza z wysokim ryzykiem złamań kręgosłupa; ostry ból pleców,poprawa ruchomości bioder i wzorca zgięcia z aktywnym core,niski,średni,średni,niski,wysoki,bardzo niska,Ruch z bioder; nie zgarbiać odcinka piersiowego; ruch wykonywać wolno.,"Przyjmij pozycję wyjściową: siedząca na krześle. Przygotuj sprzęt: krzesło. Następnie wykonuj ruch główny: pochylenie tułowia do przodu z neutralnym kręgosłupem i powrót. Wykonaj około 10-15 powtórzeń lub utrzymuj ruch zgodnie z opisem ćwiczenia. Zwróć uwagę na bezpieczeństwo: Ruch z bioder; nie zgarbiać odcinka piersiowego; ruch wykonywać wolno.. Ruch wykonuj wolno, bez wstrzymywania oddechu; przerwij przy ostrym bólu, zawrotach głowy lub duszności."
Siedzace unoszenie kolana z dotknięciem łokciem,Seated Elbow-to-Knee,10 Chair Exercises for Seniors – YMCA; core for seniors routines,core,średni,siedząca na krześle bez podłokietników,krzesło,8-12 na stronę,,brzuch; biodra,unoszenie kolana i zbliżanie przeciwległego łokcia,tak,nie,tak,nie,tak,słaby core; słaba kondycja; ograniczona mobilność,niestabilne schorzenia kręgosłupa; silny ból bioder lub pleców,wzmocnienie mięśni brzucha i poprawa koordynacji tułów-nogi,średni,średni,niski,niski,wysoki,niska,Siedzieć stabilnie na środku siedziska; nie ciągnąć głowy ręką.,"Przyjmij pozycję wyjściową: siedząca na krześle bez podłokietników. Przygotuj sprzęt: krzesło. Następnie wykonuj ruch główny: unoszenie kolana i zbliżanie przeciwległego łokcia. Wykonaj około 8-12 na stronę powtórzeń lub utrzymuj ruch zgodnie z opisem ćwiczenia. Zwróć uwagę na bezpieczeństwo: Siedzieć stabilnie na środku siedziska; nie ciągnąć głowy ręką.. Ruch wykonuj wolno, bez wstrzymywania oddechu; przerwij przy ostrym bólu, zawrotach głowy lub duszności."
Siedzace odpychanie gumy piersiowe,Seated Chest Press with Band,Chair-based exercises for older adults; COPD exercise handbook strength section,siła,średni,siedząca na krześle,taśma oporowa,8-12,,klatka piersiowa; ramiona; triceps,odpychanie uchwytów taśmy do przodu z pozycji przy klatce,tak,nie,tak,nie,tak,słabe ramiona; słaba kondycja; POChP przy dobrej tolerancji wysiłku,niestabilna choroba serca; ostry ból barku,wzmocnienie górnej części ciała dla ułatwienia codziennych czynności,niski,wysoki,niski,niski,wysoki,niska,Taśma ustabilizowana za oparciem krzesła; napięcie dobiera się tak; by ruch był kontrolowany.,"Przyjmij pozycję wyjściową: siedząca na krześle. Przygotuj sprzęt: taśma oporowa. Następnie wykonuj ruch główny: odpychanie uchwytów taśmy do przodu z pozycji przy klatce. Wykonaj około 8-12 powtórzeń lub utrzymuj ruch zgodnie z opisem ćwiczenia. Zwróć uwagę na bezpieczeństwo: Taśma ustabilizowana za oparciem krzesła; napięcie dobiera się tak; by ruch był kontrolowany.. Ruch wykonuj wolno, bez wstrzymywania oddechu; przerwij przy ostrym bólu, zawrotach głowy lub duszności."
Spacer zdrowotny w tempie konwersacyjnym,Brisk Health Walk (Talk Test Pace),Exercise for Older Adults – FSU College of Medicine; Growing Stronger – CDC,kardio,średni,stojąca,buty z dobrą podeszwą; bezpieczna trasa spacerowa,10-30 minut,,nogi; układ krążenia; układ oddechowy,spacer w tempie pozwalającym na rozmowę bez zadyszki,nie,nie,nie,tak,tak,brak schorzeń; słaba kondycja; nadwaga,niestabilna choroba serca; ostry ból w klatce piersiowej; zawroty głowy przy wysiłku,poprawa wydolności sercowo-oddechowej i kontroli masy ciała u seniorów,średni,średni,niski,wysoki,średni,średni,Spacerować po równym podłożu; zaczynać od krótszych odcinków i stopniowo wydłużać czas.,"Przyjmij pozycję wyjściową: stojąca. Przygotuj sprzęt: buty z dobrą podeszwą; bezpieczna trasa spacerowa. Następnie wykonuj ruch główny: spacer w tempie pozwalającym na rozmowę bez zadyszki. Wykonaj około 10-30 minut powtórzeń lub utrzymuj ruch zgodnie z opisem ćwiczenia. Zwróć uwagę na bezpieczeństwo: Spacerować po równym podłożu; zaczynać od krótszych odcinków i stopniowo wydłużać czas.. Ruch wykonuj wolno, bez wstrzymywania oddechu; przerwij przy ostrym bólu, zawrotach głowy lub duszności."
Schody jako trening kardio,Stair Walking for Fitness,Exercise for Older Adults – aerobic training examples; Aerobic Activity for Older Adults – Applebaum,kardio,trudny,stojąca u podstawy schodów,schody z poręczą,5-15 wejść w górę i w dół,,uda; łydki; układ krążenia,wchodzenie i schodzenie po schodach w równym tempie z użyciem poręczy,nie,nie,nie,tak,tak,brak istotnych schorzeń; słaba kondycja; słabe nogi,zaawansowana choroba serca; ciężka duszność przy niewielkim wysiłku; duże ryzyko upadku,zwiększenie wydolności i siły kończyn dolnych przy typowej aktywności codziennej,wysoki,wysoki,niski,wysoki,średni,wysoka,Zawsze używać poręczy; zaczynać od niewielkiej liczby wejść; przerwać przy zawrotach głowy lub bólu w klatce.,"Przyjmij pozycję wyjściową: stojąca u podstawy schodów. Przygotuj sprzęt: schody z poręczą. Następnie wykonuj ruch główny: wchodzenie i schodzenie po schodach w równym tempie z użyciem poręczy. Wykonaj około 5-15 wejść w górę i w dół powtórzeń lub utrzymuj ruch zgodnie z opisem ćwiczenia. Zwróć uwagę na bezpieczeństwo: Zawsze używać poręczy; zaczynać od niewielkiej liczby wejść; przerwać przy zawrotach głowy lub bólu w klatce.. Ruch wykonuj wolno, bez wstrzymywania oddechu; przerwij przy ostrym bólu, zawrotach głowy lub duszności."
Spacer z narastającym tempem,Progressive Pace Walk,Exercise for Older Adults – progression guidelines; Aerobic Activity for Older Adults – Applebaum,kardio,średni,stojąca,bezpieczna trasa spacerowa,3 odcinki po 5-10 minut,,nogi; układ krążenia,spacer rozpoczynany wolno z lekkim przyspieszeniem w środkowej części i spokojnym wyhamowaniem,nie,nie,nie,tak,tak,brak schorzeń; słaba kondycja; prewencja chorób sercowo-naczyniowych,niestabilna dławica; nieleczone arytmie; objawy alarmowe przy wysiłku,stopniowa adaptacja układu krążenia do dłuższego wysiłku aerobowego,średni,średni,niski,wysoki,średni,średni,Kontrolować tempo według „talk testu”; w razie zadyszki zwolnić.,"Przyjmij pozycję wyjściową: stojąca. Przygotuj sprzęt: bezpieczna trasa spacerowa. Następnie wykonuj ruch główny: spacer rozpoczynany wolno z lekkim przyspieszeniem w środkowej części i spokojnym wyhamowaniem. Wykonaj około 3 odcinki po 5-10 minut powtórzeń lub utrzymuj ruch zgodnie z opisem ćwiczenia. Zwróć uwagę na bezpieczeństwo: Kontrolować tempo według „talk testu”; w razie zadyszki zwolnić.. Ruch wykonuj wolno, bez wstrzymywania oddechu; przerwij przy ostrym bólu, zawrotach głowy lub duszności."
Taniec w domu,Home Dancing for Fitness,Exercise for Older Adults – examples of aerobic activity; Aerobic Activity for Older Adults – Applebaum,kardio,średni,stojąca,bezpieczna przestrzeń; wygodne obuwie; muzyka,10-20 minut,,nogi; biodra; całe ciało,prosty taniec w miejscu i z przemieszczaniem się w rytm muzyki,opcjonalnie,nie,opcjonalnie,tak,tak,brak schorzeń; słaba kondycja; obniżony nastrój,powazne zaburzenia równowagi; niestabilna choroba serca,zwiększenie wydatku energetycznego oraz poprawa nastroju w przyjemnej formie,średni,średni,średni,wysoki,średni,średni,Tańczyć w dobrze oświetlonym miejscu bez dywaników i kabli; tempo dostosować do możliwości.,"Przyjmij pozycję wyjściową: stojąca. Przygotuj sprzęt: bezpieczna przestrzeń; wygodne obuwie; muzyka. Następnie wykonuj ruch główny: prosty taniec w miejscu i z przemieszczaniem się w rytm muzyki. Wykonaj około 10-20 minut powtórzeń lub utrzymuj ruch zgodnie z opisem ćwiczenia. Zwróć uwagę na bezpieczeństwo: Tańczyć w dobrze oświetlonym miejscu bez dywaników i kabli; tempo dostosować do możliwości.. Ruch wykonuj wolno, bez wstrzymywania oddechu; przerwij przy ostrym bólu, zawrotach głowy lub duszności."
Spacer nordic walking,Nordic Walking,Exercise for Older Adults – walking; Growing Stronger – walking with poles as variation,kardio,średni,stojąca,kije nordic walking; teren płaski,15-30 minut,,nogi; ramiona; core,marsz z aktywną pracą kijów angażującą górną część ciała,nie,nie,nie,tak,tak,brak schorzeń; słaba kondycja; nadwaga; słabe ramiona,zaawansowane zaburzenia równowagi; ostry ból barków,połączenie treningu wytrzymałościowego z lekkim treningiem siłowym górnej połowy ciała,wysoki,średni,niski,wysoki,wysoki,średni,Używać właściwej techniki pracy kijami; dobrać teren bez śliskich odcinków.,"Przyjmij pozycję wyjściową: stojąca. Przygotuj sprzęt: kije nordic walking; teren płaski. Następnie wykonuj ruch główny: marsz z aktywną pracą kijów angażującą górną część ciała. Wykonaj około 15-30 minut powtórzeń lub utrzymuj ruch zgodnie z opisem ćwiczenia. Zwróć uwagę na bezpieczeństwo: Używać właściwej techniki pracy kijami; dobrać teren bez śliskich odcinków.. Ruch wykonuj wolno, bez wstrzymywania oddechu; przerwij przy ostrym bólu, zawrotach głowy lub duszności."
Siedzacy marsz kardio,Seated Cardio March,Chair & Seated Exercises for Seniors – Lifeline; Aerobic Activity for Older Adults – seated options,kardio,łatwy,siedząca na krześle,stabilne krzesło,2-5 minut,,biodra; kolana; układ krążenia,marsz w miejscu z unoszeniem kolan i ewentualnym ruchem ramion,tak,opcjonalnie,tak,nie,tak,słaba kondycja; ograniczona mobilność; słabe nogi,niestabilna choroba serca; ciężka duszność spoczynkowa,podniesienie tętna u osób; które nie mogą ćwiczyć w staniu,średni,średni,niski,średni,wysoki,niska,Utrzymywać wyprostowaną sylwetkę; przerwać przy zawrotach głowy lub nadmiernej duszności.,"Przyjmij pozycję wyjściową: siedząca na krześle. Przygotuj sprzęt: stabilne krzesło. Następnie wykonuj ruch główny: marsz w miejscu z unoszeniem kolan i ewentualnym ruchem ramion. Wykonaj około 2-5 minut powtórzeń lub utrzymuj ruch zgodnie z opisem ćwiczenia. Zwróć uwagę na bezpieczeństwo: Utrzymywać wyprostowaną sylwetkę; przerwać przy zawrotach głowy lub nadmiernej duszności.. Ruch wykonuj wolno, bez wstrzymywania oddechu; przerwij przy ostrym bólu, zawrotach głowy lub duszności."
Siedzacy pajacyk bez podskoku,Seated Low-Impact Jacks,Easy 10 Minute Seated Core / Chair-based cardio for seniors,kardio_core,średni,siedząca na krześle,krzesło,20-30,,nogi; ramiona; core,naprzemienne rozszerzanie nóg na boki z jednoczesnym unoszeniem ramion,tak,nie,tak,nie,tak,słaba kondycja; słaby core; ograniczona mobilność,niestabilne choroby serca; ból barków przy unoszeniu ramion,poprawa kondycji i koordynacji całego ciała w pozycji siedzącej,średni,średni,niski,średni,wysoki,średni,Nie „wypadać” z krzesła; zachować kontakt pośladków z siedziskiem.,"Przyjmij pozycję wyjściową: siedząca na krześle. Przygotuj sprzęt: krzesło. Następnie wykonuj ruch główny: naprzemienne rozszerzanie nóg na boki z jednoczesnym unoszeniem ramion. Wykonaj około 20-30 powtórzeń lub utrzymuj ruch zgodnie z opisem ćwiczenia. Zwróć uwagę na bezpieczeństwo: Nie „wypadać” z krzesła; zachować kontakt pośladków z siedziskiem.. Ruch wykonuj wolno, bez wstrzymywania oddechu; przerwij przy ostrym bólu, zawrotach głowy lub duszności."
Siedzacy rowerek nogami,Seated Air Cycling,Seated core exercises for seniors – Liv Hospital; Better5 seated core routine,kardio_core,średni,siedząca nieco odsunięta od oparcia,krzesło,20-40 ruchów,,brzuch; biodra; nogi,unoszenie obu nóg i wykonywanie ruchu kolistego jak na rowerze,tak,opcjonalnie,tak,nie,tak,słaby core; słaba kondycja; ograniczona mobilność,niestabilne choroby kręgosłupa; silny ból bioder lub pleców,wzmocnienie mięśni brzucha i poprawa krążenia w kończynach dolnych,średni,średni,niski,średni,wysoki,średni,Trzymać się siedziska dla stabilizacji; przerwać przy bólu w dolnych plecach.,"Przyjmij pozycję wyjściową: siedząca nieco odsunięta od oparcia. Przygotuj sprzęt: krzesło. Następnie wykonuj ruch główny: unoszenie obu nóg i wykonywanie ruchu kolistego jak na rowerze. Wykonaj około 20-40 ruchów powtórzeń lub utrzymuj ruch zgodnie z opisem ćwiczenia. Zwróć uwagę na bezpieczeństwo: Trzymać się siedziska dla stabilizacji; przerwać przy bólu w dolnych plecach.. Ruch wykonuj wolno, bez wstrzymywania oddechu; przerwij przy ostrym bólu, zawrotach głowy lub duszności."
Siedzace unoszenie boczne ramion,Seated Lateral Arm Raises,Chair & Seated Exercises for Seniors – Lifeline; Strength training for older adults,siła,łatwy,siedząca,małe hantle lub butelki z wodą opcjonalnie,10-15,,barki; ramiona,unoszenie ramion bokiem do wysokości barków i powolne opuszczanie,tak,opcjonalnie,tak,nie,tak,słabe ramiona; słaba kondycja; brak istotnych schorzeń barków,ostry ból barku; niestabilność stawu barkowego,wzmocnienie odwodzicieli barku dla funkcji sięgania i podnoszenia,niski,wysoki,średni,niski,wysoki,niska,Nie unosić ciężarów powyżej poziomu barku przy bólu; łokcie lekko ugięte.,"Przyjmij pozycję wyjściową: siedząca. Przygotuj sprzęt: małe hantle lub butelki z wodą opcjonalnie. Następnie wykonuj ruch główny: unoszenie ramion bokiem do wysokości barków i powolne opuszczanie. Wykonaj około 10-15 powtórzeń lub utrzymuj ruch zgodnie z opisem ćwiczenia. Zwróć uwagę na bezpieczeństwo: Nie unosić ciężarów powyżej poziomu barku przy bólu; łokcie lekko ugięte.. Ruch wykonuj wolno, bez wstrzymywania oddechu; przerwij przy ostrym bólu, zawrotach głowy lub duszności."
Wyciskanie nad głowę w staniu z małym ciężarem,Standing Overhead Press with Light Weights,Growing Stronger – CDC; Strength training guidelines for older adults,siła,średni,stojąca,małe hantle lub butelki z wodą,8-12,,barki; triceps; core,wyciskanie ciężaru z poziomu barków nad głowę i powrót,opcjonalnie,nie,opcjonalnie,tak,tak,słabe ramiona; słabe plecy; brak ostrych problemów barkowych,ostry ból barku; niekontrolowane nadciśnienie,wzmocnienie górnej części ciała dla codziennych czynności nad głową,średni,wysoki,średni,niski,wysoki,średni,Napinać mięśnie brzucha dla ochrony lędźwi; nie wstrzymywać oddechu.,"Przyjmij pozycję wyjściową: stojąca. Przygotuj sprzęt: małe hantle lub butelki z wodą. Następnie wykonuj ruch główny: wyciskanie ciężaru z poziomu barków nad głowę i powrót. Wykonaj około 8-12 powtórzeń lub utrzymuj ruch zgodnie z opisem ćwiczenia. Zwróć uwagę na bezpieczeństwo: Napinać mięśnie brzucha dla ochrony lędźwi; nie wstrzymywać oddechu.. Ruch wykonuj wolno, bez wstrzymywania oddechu; przerwij przy ostrym bólu, zawrotach głowy lub duszności."
Przysiad z krzesłem jako zabezpieczeniem,Chair-Assisted Squat,10 Chair Exercises for Seniors – bodyweight chair-assisted squat; Growing Stronger – sit-to-stand progression,siła_funkcjonalna,średni,stojąca przed krzesłem,stabilne krzesło,8-12,,uda; pośladki; core,ugięcie bioder i kolan jak do siadania z lekkim dotknięciem siedziska i powrót,tak,nie,nie,tak,tak,słabe nogi; brak ostrych bólów kolan; prewencja upadków,ostry ból kolan; niestabilność stawów; zaawansowana choroba serca,wzmocnienie kończyn dolnych i poprawa funkcji siadania/wstawania,wysoki,wysoki,średni,średni,wysoki,średni,Kolana nie powinny wychodzić znacznie przed palce; trzymać stopy na szerokość bioder.,"Przyjmij pozycję wyjściową: stojąca przed krzesłem. Przygotuj sprzęt: stabilne krzesło. Następnie wykonuj ruch główny: ugięcie bioder i kolan jak do siadania z lekkim dotknięciem siedziska i powrót. Wykonaj około 8-12 powtórzeń lub utrzymuj ruch zgodnie z opisem ćwiczenia. Zwróć uwagę na bezpieczeństwo: Kolana nie powinny wychodzić znacznie przed palce; trzymać stopy na szerokość bioder.. Ruch wykonuj wolno, bez wstrzymywania oddechu; przerwij przy ostrym bólu, zawrotach głowy lub duszności."
Wykrok w tył z asekuracją krzesła,Chair-Assisted Reverse Lunge,10 Chair Exercises for Seniors – reverse lunge; Exercise for Older Adults strength examples,siła_równowaga,trudny,stojąca za krzesłem,stabilne krzesło,8-10 na nogę,,uda; pośladki; równowaga,krok w tył z ugięciem przedniego kolana i powrót do pozycji wyjściowej,tak,nie,nie,tak,tak,brak istotnych schorzeń; słabe nogi; profilaktyka upadków,zaawansowana choroba stawów kolan/bioder; wysokie ryzyko upadku,wzmocnienie kończyn dolnych i trening kontroli kroku w tył,wysoki,wysoki,średni,średni,średni,wysoka,Zawsze trzymać ręce na oparciu; krok w tył ma być niewielki na początku.,"Przyjmij pozycję wyjściową: stojąca za krzesłem. Przygotuj sprzęt: stabilne krzesło. Następnie wykonuj ruch główny: krok w tył z ugięciem przedniego kolana i powrót do pozycji wyjściowej. Wykonaj około 8-10 na nogę powtórzeń lub utrzymuj ruch zgodnie z opisem ćwiczenia. Zwróć uwagę na bezpieczeństwo: Zawsze trzymać ręce na oparciu; krok w tył ma być niewielki na początku.. Ruch wykonuj wolno, bez wstrzymywania oddechu; przerwij przy ostrym bólu, zawrotach głowy lub duszności."
Odchylenie tulowia przy scianie,Wall Plank (Inclined),Core exercise programme – Royal Berkshire NHS; Core exercises for seniors (wall planks),core_postura,średni,stojąca przodem do ściany,ściana,3-5 pozycji po 20-30 sekund,20-30,core; barki; plecy,utrzymanie pozycji podporu na ścianie z ciałem w lekkim skosie,nie,nie,nie,tak,tak,słaby core; słabe plecy; brak ostrych bólów barków,ostry ból barków lub nadgarstków; zawroty głowy przy pochyleniu,bezpieczne wzmocnienie mięśni tułowia i poprawa postawy,średni,wysoki,niski,niski,wysoki,niska,Stopy w odległości dostosowanej do siły; im dalej od ściany; tym trudniej.,"Przyjmij pozycję wyjściową: stojąca przodem do ściany. Przygotuj sprzęt: ściana. Następnie wykonuj ruch główny: utrzymanie pozycji podporu na ścianie z ciałem w lekkim skosie. Wykonaj około 3-5 pozycji po 20-30 sekund powtórzeń lub utrzymuj ruch zgodnie z opisem ćwiczenia. Jeżeli ćwiczenie jest czasowe, wykonuj je przez około 20-30 sekund. Zwróć uwagę na bezpieczeństwo: Stopy w odległości dostosowanej do siły; im dalej od ściany; tym trudniej.. Ruch wykonuj wolno, bez wstrzymywania oddechu; przerwij przy ostrym bólu, zawrotach głowy lub duszności."
Mostek biodrowy z akcentem na core,Bridge with Core Focus,Core exercise programme – Royal Berkshire NHS; 5 Minute Core Exercises for Seniors,core_postura,średni,leżąca na plecach z ugiętymi kolanami,mata lub łóżko,10-15,,pośladki; core; dolne plecy,unoszenie miednicy z aktywnym wciąganiem brzucha,nie,tak,nie,nie,opcjonalnie,słaby core; słabe pośladki; ból dolnych pleców bez objawów alarmowych,ostry ból kręgosłupa; niestabilność kręgosłupa; świeże operacje,wzmocnienie pośladków i głębokich mięśni brzucha dla stabilizacji tułowia,niski,wysoki,średni,niski,wysoki,niska,Nie unosić miednicy wyżej niż komfort; utrzymywać brzuch lekko napięty.,"Przyjmij pozycję wyjściową: leżąca na plecach z ugiętymi kolanami. Przygotuj sprzęt: mata lub łóżko. Następnie wykonuj ruch główny: unoszenie miednicy z aktywnym wciąganiem brzucha. Wykonaj około 10-15 powtórzeń lub utrzymuj ruch zgodnie z opisem ćwiczenia. Zwróć uwagę na bezpieczeństwo: Nie unosić miednicy wyżej niż komfort; utrzymywać brzuch lekko napięty.. Ruch wykonuj wolno, bez wstrzymywania oddechu; przerwij przy ostrym bólu, zawrotach głowy lub duszności."
Core w staniu – unoszenie kolana,Standing Core March,20 Standing Core Exercises for Seniors; Core exercises for seniors (standing leg raises),core_równowaga,średni,stojąca przy blacie,blat lub oparcie krzesła,10-15 na nogę,,core; biodra; nogi,unoszenie kolana w górę z lekkim napięciem brzucha,tak,nie,opcjonalnie,tak,tak,słaby core; problemy z równowagą; brak ostrych bólów bioder,wysokie ryzyko upadku bez asekuracji,wzmocnienie mięśni tułowia odpowiedzialnych za kontrolę podczas chodu,wysoki,średni,niski,niski,wysoki,niska,Trzymać się podparcia jedną ręką; nie unosić kolana zbyt wysoko.,"Przyjmij pozycję wyjściową: stojąca przy blacie. Przygotuj sprzęt: blat lub oparcie krzesła. Następnie wykonuj ruch główny: unoszenie kolana w górę z lekkim napięciem brzucha. Wykonaj około 10-15 na nogę powtórzeń lub utrzymuj ruch zgodnie z opisem ćwiczenia. Zwróć uwagę na bezpieczeństwo: Trzymać się podparcia jedną ręką; nie unosić kolana zbyt wysoko.. Ruch wykonuj wolno, bez wstrzymywania oddechu; przerwij przy ostrym bólu, zawrotach głowy lub duszności."
Core w staniu – skręt z gumą,Standing Band Rotation,Core exercises for seniors – dynamic patterns; 5 Minute Core Exercises for Seniors,core_równowaga,średni,stojąca bokiem do punktu zaczepienia taśmy,taśma oporowa,8-12 na stronę,,core; barki,rotacja tułowia z wyciągniętymi rękami trzymającymi taśmę,opcjonalnie,nie,opcjonalnie,tak,tak,słaby core; brak ostrych problemów barków; brak objawów neurologicznych przy skręcie,zawroty głowy przy skręcie; ostre bóle kręgosłupa,wzmocnienie mięśni rotacyjnych tułowia i poprawa stabilizacji przy ruchach skrętnych,wysoki,wysoki,średni,niski,wysoki,średni,Zaczynać od lekkiego oporu taśmy; ruch kontrolowany bez szarpnięć.,"Przyjmij pozycję wyjściową: stojąca bokiem do punktu zaczepienia taśmy. Przygotuj sprzęt: taśma oporowa. Następnie wykonuj ruch główny: rotacja tułowia z wyciągniętymi rękami trzymającymi taśmę. Wykonaj około 8-12 na stronę powtórzeń lub utrzymuj ruch zgodnie z opisem ćwiczenia. Zwróć uwagę na bezpieczeństwo: Zaczynać od lekkiego oporu taśmy; ruch kontrolowany bez szarpnięć.. Ruch wykonuj wolno, bez wstrzymywania oddechu; przerwij przy ostrym bólu, zawrotach głowy lub duszności."
Rozciąganie klatki piersiowej przy futrynie,Doorway Chest Stretch,Strength and balance / posture guidance for older adults; common physio chest stretch,rozciąganie_postura,łatwy,stojąca w drzwiach,framuga drzwi,3 powtórzenia po 20-30 sekund,20-30,klatka piersiowa; barki,rozciąganie przedniej części klatki poprzez oparcie przedramion o futrynę i lekkie wysunięcie tułowia,opcjonalnie,nie,opcjonalnie,tak,tak,zła postura; zaokrąglone plecy; sztywność barków,ostry ból barku; niestabilność barku; świeży zabieg w obrębie klatki piersiowej,otwarcie klatki piersiowej i zmniejszenie zaokrąglenia górnej części pleców,niski,niski,wysoki,niski,wysoki,bardzo niska,Utrzymywać rozciąganie bez bólu ostrego; nie wypychać głowy do przodu.,"Przyjmij pozycję wyjściową: stojąca w drzwiach. Przygotuj sprzęt: framuga drzwi. Następnie wykonuj ruch główny: rozciąganie przedniej części klatki poprzez oparcie przedramion o futrynę i lekkie wysunięcie tułowia. Wykonaj około 3 powtórzenia po 20-30 sekund powtórzeń lub utrzymuj ruch zgodnie z opisem ćwiczenia. Jeżeli ćwiczenie jest czasowe, wykonuj je przez około 20-30 sekund. Zwróć uwagę na bezpieczeństwo: Utrzymywać rozciąganie bez bólu ostrego; nie wypychać głowy do przodu.. Ruch wykonuj wolno, bez wstrzymywania oddechu; przerwij przy ostrym bólu, zawrotach głowy lub duszności."
Rozciąganie łydki przy ścianie,Standing Calf Stretch,14 Exercises for Seniors to Improve Strength and Balance – calf stretch; standard physio protocol,rozciąganie,łatwy,stojąca przodem do ściany,ściana lub oparcie krzesła,2-3 na nogę po 20-30 sekund,20-30,łydki; kostki,wysunięcie jednej nogi do tyłu i rozciąganie łydki przy zachowaniu pięty na podłodze,tak,nie,opcjonalnie,tak,tak,sztywność łydek; ból kostek; profilaktyka upadków,ostry ból Achillesa; świeży uraz kostki,poprawa elastyczności łydki i zakresu zgięcia grzbietowego stopy,średni,niski,wysoki,niski,średni,bardzo niska,Rozciągać do uczucia ciągnięcia; nie bólu; utrzymywać piętę na podłożu.,"Przyjmij pozycję wyjściową: stojąca przodem do ściany. Przygotuj sprzęt: ściana lub oparcie krzesła. Następnie wykonuj ruch główny: wysunięcie jednej nogi do tyłu i rozciąganie łydki przy zachowaniu pięty na podłodze. Wykonaj około 2-3 na nogę po 20-30 sekund powtórzeń lub utrzymuj ruch zgodnie z opisem ćwiczenia. Jeżeli ćwiczenie jest czasowe, wykonuj je przez około 20-30 sekund. Zwróć uwagę na bezpieczeństwo: Rozciągać do uczucia ciągnięcia; nie bólu; utrzymywać piętę na podłożu.. Ruch wykonuj wolno, bez wstrzymywania oddechu; przerwij przy ostrym bólu, zawrotach głowy lub duszności."
